practice_code,pmid,title,source_url,material_reviewed,screening_status,interpretation,remaining_work,reviewed_on
PRANIC_HEALING,38939830,Time to sense biofield (Prana) experiences between hands: A preliminary single blinded randomized placebo controlled trial.,https://pubmed.ncbi.nlm.nih.gov/38939830/,ABSTRACT,ABSTRACT_EXTRACTED_FULL_REVIEW_PENDING,"88 teachers randomized to facing versus opposite hands, maximum 120 seconds. Sensations reported by 44 versus 13; this measures subjective perception, not objective energy detection or therapeutic benefit.","Verify original full text and lineage; independently assess bias, registry/endpoint match, funding, safety and publisher updates. Do not count overlapping reports independently.",2026-09-30
PRANIC_HEALING,39939954,Rapid shift of gut microbiome and enrichment of beneficial microbes during arhatic yoga meditation retreat in a single-arm pilot study.,https://pubmed.ncbi.nlm.nih.gov/39939954/,ABSTRACT,ABSTRACT_EXTRACTED_FULL_REVIEW_PENDING,"24 practitioners, uncontrolled 9-day Arhatic Yoga retreat with vegetarian diet. Microbiome changes reported; diet, environment and meditation effects cannot be separated. Retrospective registration reported.","Verify original full text and lineage; independently assess bias, registry/endpoint match, funding, safety and publisher updates. Do not count overlapping reports independently.",2026-09-30
PRANIC_HEALING,40837116,Tridosha Influence on Prana Perception and Well-Being: An Exploratory Study of Pranic Healing Techniques Among Ayurveda Students.,https://pubmed.ncbi.nlm.nih.gov/40837116/,ABSTRACT,ABSTRACT_EXTRACTED_FULL_REVIEW_PENDING,"91 healthy Ayurveda students, convenience single-arm study of hand sensitization and energizing. Small exploratory correlations with dosha and sensations; no controlled therapeutic efficacy or objective prana validation.","Verify original full text and lineage; independently assess bias, registry/endpoint match, funding, safety and publisher updates. Do not count overlapping reports independently.",2026-09-30
PRANIC_HEALING,34255215,"The Need, Feasibility and Willingness to Explore ""Meditation on Twin Hearts"" as a Self-administered Tool for Mental Health Management among Transgender Women: An Exploratory Survey.",https://pubmed.ncbi.nlm.nih.gov/34255215/,ABSTRACT,ABSTRACT_EXTRACTED_FULL_REVIEW_PENDING,"33 transgender women, qualitative feedback after one Twin Hearts meditation session. Favorable experiences reported; baseline depression/anxiety prevalence is not a post-treatment effect and suicidality treatment efficacy was not tested.","Verify original full text and lineage; independently assess bias, registry/endpoint match, funding, safety and publisher updates. Do not count overlapping reports independently.",2026-09-30
PRANIC_HEALING,42605255,Understanding How Pranic Healing Facilitators' Observed Experiences and Outcomes Arise: A Critical Realist Explanatory Model.,https://pubmed.ncbi.nlm.nih.gov/42605255/,ABSTRACT,ABSTRACT_EXTRACTED_FULL_REVIEW_PENDING,12 experienced facilitators interviewed by telephone. Thematic explanatory model describes perceived processes; interviews do not demonstrate biological mechanisms or patient efficacy.,"Verify original full text and lineage; independently assess bias, registry/endpoint match, funding, safety and publisher updates. Do not count overlapping reports independently.",2026-09-30
REIKI,41051913,"Effect of Reiki on Pain, Anxiety, and Hemodynamic Parameters in Mechanically Ventilated Patients: A Randomized, Single-Blind, and Placebo-Controlled Trial.",https://pubmed.ncbi.nlm.nih.gov/41051913/,ABSTRACT,ABSTRACT_EXTRACTED_FULL_REVIEW_PENDING,"60 ventilated patients randomized to 30-minute Reiki or sham. Pain/anxiety comparisons favored Reiki; systolic pressure p=.052. Effect magnitudes, allocation concealment and registry match NCT06526949 require full-text verification.","Verify original full text and lineage; independently assess bias, registry/endpoint match, funding, safety and publisher updates. Do not count overlapping reports independently.",2026-09-30
REIKI,21584234,A randomised controlled single-blind trial of the efficacy of reiki at benefitting mood and well-being.,https://pubmed.ncbi.nlm.nih.gov/21584234/,ABSTRACT,ABSTRACT_EXTRACTED_FULL_REVIEW_PENDING,"40 students randomized to Reiki or control during guided relaxation, six 30-minute sessions. Mood benefit reported in high-anxiety/depression subgroup at five-week follow-up; small subgroup and multiple outcomes limit interpretation.","Verify original full text and lineage; independently assess bias, registry/endpoint match, funding, safety and publisher updates. Do not count overlapping reports independently.",2026-09-30
REIKI,36272846,"The Effect of Reiki on Anxiety, Stress, and Comfort Levels Before Gastrointestinal Endoscopy: A Randomized Sham-Controlled Trial.",https://pubmed.ncbi.nlm.nih.gov/36272846/,ABSTRACT,ABSTRACT_EXTRACTED_FULL_REVIEW_PENDING,"159 endoscopy patients, three-arm randomized Reiki/sham/control trial; one 20-25-minute session. Stress/anxiety/comfort comparisons reported p<.001; effect sizes and full masking/attrition details absent from abstract.","Verify original full text and lineage; independently assess bias, registry/endpoint match, funding, safety and publisher updates. Do not count overlapping reports independently.",2026-09-30
REIKI,36481177,"The effect of reiki on anxiety, fear, pain, and oxygen saturation in abdominal surgery patients: A randomized controlled trial.",https://pubmed.ncbi.nlm.nih.gov/36481177/,ABSTRACT,ABSTRACT_EXTRACTED_FULL_REVIEW_PENDING,"93 abdominal surgery patients randomized equally to Reiki, sham or control. Favorable fear/anxiety/pain/oxygen findings reported without detailed contrasts or dose; abstract cannot establish blanket safety or routine-care efficacy.","Verify original full text and lineage; independently assess bias, registry/endpoint match, funding, safety and publisher updates. Do not count overlapping reports independently.",2026-09-30
REIKI,33639516,"The effects of reiki on heart rate, blood pressure, body temperature, and stress levels: A pilot randomized, double-blinded, and placebo-controlled study.",https://pubmed.ncbi.nlm.nih.gov/33639516/,ABSTRACT,ABSTRACT_EXTRACTED_FULL_REVIEW_PENDING,"48 block-randomized to Reiki, sham or no treatment. No significant between-group differences in heart rate, pressure, temperature or stress. Reiki-sham heart-rate p=.053 remains nonsignificant.","Verify original full text and lineage; independently assess bias, registry/endpoint match, funding, safety and publisher updates. Do not count overlapping reports independently.",2026-09-30
REIKI,33053005,Massage and Reiki to reduce stress and improve quality of life: a randomized clinical trial.,https://pubmed.ncbi.nlm.nih.gov/33053005/,ABSTRACT,ABSTRACT_EXTRACTED_FULL_REVIEW_PENDING,"122 randomized, 101 studied; massage plus rest, massage plus Reiki, or no intervention. Both active packages improved outcomes versus control. Massage confounds attribution; Reiki-specific incremental effect needs full contrast extraction.","Verify original full text and lineage; independently assess bias, registry/endpoint match, funding, safety and publisher updates. Do not count overlapping reports independently.",2026-09-30
REIKI,39828478,"The Effect of Reiki Applied to Cancer Patients on Pain, Anxiety, and Stress Levels: A Randomized Controlled Study.",https://pubmed.ncbi.nlm.nih.gov/39828478/,ABSTRACT,ABSTRACT_EXTRACTED_FULL_REVIEW_PENDING,"58 cancer patients, Reiki/sham/progressive relaxation for four days with three-month follow-up. Within-group pain/anxiety improvements and stress interaction reported; cortisol did not differ between groups. Full controlled pain contrasts remain necessary.","Verify original full text and lineage; independently assess bias, registry/endpoint match, funding, safety and publisher updates. Do not count overlapping reports independently.",2026-09-30
REIKI,38652801,"Is Reiki effective in reducing heart rhythm, cortisol levels, and anxiety and improving biochemical parameters in individuals with cardiac disease? Randomized placebo-controlled trial.",https://pubmed.ncbi.nlm.nih.gov/38652801/,ABSTRACT,ABSTRACT_EXTRACTED_FULL_REVIEW_PENDING,65 cardiac patients across Reiki/sham/control; 30-minute nine-point session plus distance session next day. Anxiety favored Reiki; cortisol favored both Reiki and sham versus control. ECG did not differ. NCT05483842 match pending.,"Verify original full text and lineage; independently assess bias, registry/endpoint match, funding, safety and publisher updates. Do not count overlapping reports independently.",2026-09-30
THERAPEUTIC_TOUCH,12484105,Effects of integrating therapeutic touch into a cognitive behavioral pain treatment program. Report of a pilot clinical trial.,https://pubmed.ncbi.nlm.nih.gov/12484105/,ABSTRACT,ABSTRACT_EXTRACTED_FULL_REVIEW_PENDING,"Randomized chronic-pain pilot of relaxation versus Therapeutic Touch plus relaxation followed by CBT. Self-efficacy/attrition favored the package; sample size, effects and pain contrast absent. Cannot isolate TT from the complete program.","Verify original full text and lineage; independently assess bias, registry/endpoint match, funding, safety and publisher updates. Do not count overlapping reports independently.",2026-09-30
THERAPEUTIC_TOUCH,11572538,Therapeutic touch in the treatment of carpal tunnel syndrome.,https://pubmed.ncbi.nlm.nih.gov/11572538/,ABSTRACT,ABSTRACT_EXTRACTED_FULL_REVIEW_PENDING,"21 completers, weekly TT or sham for six weeks. Median nerve latency, pain and relaxation changes did not differ between groups; improvements within both groups are not TT-specific benefit.","Verify original full text and lineage; independently assess bias, registry/endpoint match, funding, safety and publisher updates. Do not count overlapping reports independently.",2026-09-30
THERAPEUTIC_TOUCH,41709616,The Effects of Therapeutic Touch on Test Anxiety among Nursing Students: A Randomized Controlled Trial.,https://pubmed.ncbi.nlm.nih.gov/41709616/,ABSTRACT,ABSTRACT_EXTRACTED_FULL_REVIEW_PENDING,"46 nursing students randomized to 20-minute Krieger-Kunz TT or no intervention before exam. Anxiety favored TT, partial eta squared .771; no sham and acute self-report outcome limit specificity.","Verify original full text and lineage; independently assess bias, registry/endpoint match, funding, safety and publisher updates. Do not count overlapping reports independently.",2026-09-30
THERAPEUTIC_TOUCH,35340008,Therapeutic Touch in the Management of Responsive Behaviors in Patients with Dementia.,https://pubmed.ncbi.nlm.nih.gov/35340008/,ABSTRACT,ABSTRACT_EXTRACTED_FULL_REVIEW_PENDING,"Dementia trial with TT, mimic TT and routine care, three five-day phases. RMBC trend favored TT but ABRS showed no differential pattern. Sample and full endpoint contrasts missing from abstract.","Verify original full text and lineage; independently assess bias, registry/endpoint match, funding, safety and publisher updates. Do not count overlapping reports independently.",2026-09-30
THERAPEUTIC_TOUCH,17661855,Does therapeutic touch ease the discomfort or distress of patients undergoing stereotactic core breast biopsy? A randomized clinical trial.,https://pubmed.ncbi.nlm.nih.gov/17661855/,ABSTRACT,ABSTRACT_EXTRACTED_FULL_REVIEW_PENDING,"82 breast-biopsy patients randomized to TT or sham during biopsy. No benefit in pain p=.95 or anxiety p=.66, including adjusted analyses; demographics/procedure imbalance described.","Verify original full text and lineage; independently assess bias, registry/endpoint match, funding, safety and publisher updates. Do not count overlapping reports independently.",2026-09-30
THERAPEUTIC_TOUCH,27482166,EFFECT OF THERAPEUTIC TOUCH ON PAIN RELATED PARAMETERS IN PATIENTS WITH CANCER: A RANDOMIZED CLINICAL TRIAL.,https://pubmed.ncbi.nlm.nih.gov/27482166/,ABSTRACT,ABSTRACT_EXTRACTED_FULL_REVIEW_PENDING,"90 male cancer patients randomized to TT, placebo or control; seven sessions over four weeks. Pain interference dimensions favored TT, p=.001 omnibus with corrected pairs; magnitudes and masking require full text.","Verify original full text and lineage; independently assess bias, registry/endpoint match, funding, safety and publisher updates. Do not count overlapping reports independently.",2026-09-30
THERAPEUTIC_TOUCH,42624695,Therapeutic Touch vs Distraction for Labor Pain: A Randomized Controlled Trial.,https://pubmed.ncbi.nlm.nih.gov/42624695/,ABSTRACT,ABSTRACT_EXTRACTED_FULL_REVIEW_PENDING,"93 primiparous women randomized to TT, distraction or routine care. Selected labor-pain comparisons favored TT versus routine care, mean differences -1.24 to -1.76; TT did not significantly outperform distraction. Baseline imbalance and repeated contrasts matter.","Verify original full text and lineage; independently assess bias, registry/endpoint match, funding, safety and publisher updates. Do not count overlapping reports independently.",2026-09-30
THERAPEUTIC_TOUCH,9687125,The effect of therapeutic touch on pain and anxiety in burn patients.,https://pubmed.ncbi.nlm.nih.gov/9687125/,ABSTRACT,ABSTRACT_EXTRACTED_FULL_REVIEW_PENDING,"99 burn patients, TT/sham daily five days alongside analgesia. Selected pain/anxiety outcomes favored TT; medication use did not differ. Lymphocyte analysis used only 11 subjects and is exploratory.","Verify original full text and lineage; independently assess bias, registry/endpoint match, funding, safety and publisher updates. Do not count overlapping reports independently.",2026-09-30
THERAPEUTIC_TOUCH,30982141,Effects of Hand Massage and Therapeutic Touch on Comfort and Anxiety Living in a Nursing Home in Turkey: A Randomized Controlled Trial.,https://pubmed.ncbi.nlm.nih.gov/30982141/,ABSTRACT,ABSTRACT_EXTRACTED_FULL_REVIEW_PENDING,"30 nursing-home residents randomized equally to hand massage, TT or control. Anxiety/comfort benefits reported p<.05; small groups, absence of effect estimates and masking information constrain interpretation.","Verify original full text and lineage; independently assess bias, registry/endpoint match, funding, safety and publisher updates. Do not count overlapping reports independently.",2026-09-30
HEALING_TOUCH,19642480,[Assessment strategies of the impact of healing touch in nursing care].,https://pubmed.ncbi.nlm.nih.gov/19642480/,ABSTRACT,CONTEXT_ONLY,Abstract describes a planned multicenter randomized assessment across eight situations requiring 784 patients. No results are reported; treat as study-design context rather than completed efficacy evidence.,Use for methods/citation chasing; no efficacy results extracted.,2026-09-30
HEALING_TOUCH,23025129,Healing Touch with Guided Imagery for PTSD in returning active duty military: a randomized controlled trial.,https://pubmed.ncbi.nlm.nih.gov/23025129/,ABSTRACT,ABSTRACT_EXTRACTED_FULL_REVIEW_PENDING,123 military personnel randomized to six Healing Touch plus guided-imagery sessions within three weeks or usual care. PTSD d=.85 and depression d=.70 favored combined treatment; cannot isolate Healing Touch or energy transmission.,"Verify original full text and lineage; independently assess bias, registry/endpoint match, funding, safety and publisher updates. Do not count overlapping reports independently.",2026-09-30
HEALING_TOUCH,26453532,Effects of Healing Touch on Postsurgical Adult Outpatients.,https://pubmed.ncbi.nlm.nih.gov/26453532/,ABSTRACT,ABSTRACT_EXTRACTED_FULL_REVIEW_PENDING,"Postsurgical randomized pilot; sample not stated. Abstract emphasizes within-group pain/anxiety p-values, which do not establish between-group superiority. Blood pressure and pulse unchanged; full interaction and attrition extraction needed.","Verify original full text and lineage; independently assess bias, registry/endpoint match, funding, safety and publisher updates. Do not count overlapping reports independently.",2026-09-30
HEALING_TOUCH,42475613,Evaluation of the effect of Healing Touch on coronary artery bypass grafting recovery: A randomized controlled trial.,https://pubmed.ncbi.nlm.nih.gov/42475613/,ABSTRACT,ABSTRACT_EXTRACTED_FULL_REVIEW_PENDING,"79 CABG patients, 37 Healing Touch and 42 standard care. Three sessions per intervention participant; within-session anxiety improved, but atrial fibrillation and delirium did not differ between groups. Controlled anxiety contrast not supplied.","Verify original full text and lineage; independently assess bias, registry/endpoint match, funding, safety and publisher updates. Do not count overlapping reports independently.",2026-09-30
HEALING_TOUCH,24105358,A randomized placebo-controlled pilot study of the impact of healing touch on fatigue in breast cancer patients undergoing radiation therapy.,https://pubmed.ncbi.nlm.nih.gov/24105358/,ABSTRACT,ABSTRACT_EXTRACTED_FULL_REVIEW_PENDING,"41 completers from 70 approached, weekly 45-minute Healing Touch/sham during breast radiotherapy. Fatigue interference and usual fatigue were worse in HT group; no QOL difference. Findings do not support fatigue benefit.","Verify original full text and lineage; independently assess bias, registry/endpoint match, funding, safety and publisher updates. Do not count overlapping reports independently.",2026-09-30
HEALING_TOUCH,40495640,Healing Touch as a Method for Supporting Holistic Nursing Practice: A Cluster Randomized Controlled Trial.,https://pubmed.ncbi.nlm.nih.gov/40495640/,ABSTRACT,ABSTRACT_EXTRACTED_FULL_REVIEW_PENDING,"128 nurses recruited to cluster-randomized Healing Touch versus deep breathing mid-shift. Selected stress/vital-sign effects favored HT. Cluster count, intracluster adjustment, attrition and effect magnitudes need full-text confirmation.","Verify original full text and lineage; independently assess bias, registry/endpoint match, funding, safety and publisher updates. Do not count overlapping reports independently.",2026-09-30
HEALING_TOUCH,18616066,The efficacy of healing touch in coronary artery bypass surgery recovery: a randomized clinical trial.,https://pubmed.ncbi.nlm.nih.gov/18616066/,ABSTRACT,ABSTRACT_EXTRACTED_FULL_REVIEW_PENDING,"237 CABG patients randomized to Healing Touch, visitors or no intervention. Anxiety favored HT; outpatient length-of-stay subgroup positive. Pain medication, antiemetics and atrial fibrillation did not significantly improve; subgroup/multiplicity assessment pending.","Verify original full text and lineage; independently assess bias, registry/endpoint match, funding, safety and publisher updates. Do not count overlapping reports independently.",2026-09-30
HEALING_TOUCH,35191790,Bioenergy for Stress Relief in University Students: A Randomized Controlled Trial.,https://pubmed.ncbi.nlm.nih.gov/35191790/,ABSTRACT,ABSTRACT_EXTRACTED_FULL_REVIEW_PENDING,"Students randomized to 20-minute Healing Touch Chakra Connection or video. Blood-pressure decrease greater with intervention, but cortisol/IL6 decreases were not greater than control. Baseline stress predicted decrease regardless of group. Same study mapped to two identities.","Verify original full text and lineage; independently assess bias, registry/endpoint match, funding, safety and publisher updates. Do not count overlapping reports independently.",2026-09-30
HEALING_TOUCH,23835011,The effect of healing touch on the pain and mobility of persons with osteoarthritis: a feasibility study.,https://pubmed.ncbi.nlm.nih.gov/23835011/,ABSTRACT,ABSTRACT_EXTRACTED_FULL_REVIEW_PENDING,"19 knee-OA participants, HT three times weekly six weeks versus weekly friendly visits alongside usual care. Selected pain/joint interactions positive; unequal contact and multiple outcomes limit specificity and precision.","Verify original full text and lineage; independently assess bias, registry/endpoint match, funding, safety and publisher updates. Do not count overlapping reports independently.",2026-09-30
HEALING_TOUCH,14713325,Therapeutic massage and healing touch improve symptoms in cancer.,https://pubmed.ncbi.nlm.nih.gov/14713325/,ABSTRACT,ABSTRACT_EXTRACTED_FULL_REVIEW_PENDING,"230 chemotherapy patients in randomized two-period crossover of massage/Healing Touch/presence/standard care. HT reduced selected fatigue, mood and pain outcomes; nausea unchanged. Carryover, dose and multiplicity require full text; no cancer-survival endpoint.","Verify original full text and lineage; independently assess bias, registry/endpoint match, funding, safety and publisher updates. Do not count overlapping reports independently.",2026-09-30
HEALING_TOUCH,23817144,"A pilot study: the effect of healing touch on anxiety, stress, pain, pain medication usage, and physiological measures in hospitalized sickle cell disease adults experiencing a vaso-occlusive pain episode.",https://pubmed.ncbi.nlm.nih.gov/23817144/,ABSTRACT,ABSTRACT_EXTRACTED_FULL_REVIEW_PENDING,"Sickle-cell pilot comparing HT plus music versus attention plus music, 30 minutes on four consecutive days. No significant between-group changes except present pain on day four for attention group. Within-group reductions cannot establish HT superiority.","Verify original full text and lineage; independently assess bias, registry/endpoint match, funding, safety and publisher updates. Do not count overlapping reports independently.",2026-09-30
DISTANCE_HEALING,31977236,Testing the Pagan Prescription: Using a Randomized Controlled Trial to Investigate Pagan Spell-Casting as a Form of Noncontact Healing.,https://pubmed.ncbi.nlm.nih.gov/31977236/,ABSTRACT,ABSTRACT_EXTRACTED_FULL_REVIEW_PENDING,"44 participants, double-blind randomized delayed Pagan spell-casting with weekly meetings/body-scan. Well-being improved over time but no group differences supported spell-casting efficacy.","Verify original full text and lineage; independently assess bias, registry/endpoint match, funding, safety and publisher updates. Do not count overlapping reports independently.",2026-09-30
DISTANCE_HEALING,37537086,Patient experiences and outcomes in a virtual healing setting: A feasibility study.,https://pubmed.ncbi.nlm.nih.gov/37537086/,ABSTRACT,ABSTRACT_EXTRACTED_FULL_REVIEW_PENDING,"15 recruited, 13 quantitative completers, 12 interviews after remote Biofield Tuning. Qualitative perceived benefits; no comparator. Overlaps quantitative report PMID37023932. Thirty-minute duration is interview length, not session dose.","Verify original full text and lineage; independently assess bias, registry/endpoint match, funding, safety and publisher updates. Do not count overlapping reports independently.",2026-09-30
DISTANCE_HEALING,37165635,Energy Healers' Distance Healing Experience.,https://pubmed.ncbi.nlm.nih.gov/37165635/,ABSTRACT,ABSTRACT_EXTRACTED_FULL_REVIEW_PENDING,"153 Healing Touch energy workers, open-ended distance-healing survey during pandemic. Mostly favorable practitioner reports; patient feedback is second-hand and controlled recipient efficacy was not assessed.","Verify original full text and lineage; independently assess bias, registry/endpoint match, funding, safety and publisher updates. Do not count overlapping reports independently.",2026-09-30
DISTANCE_HEALING,22132706,Benefits of Reiki therapy for a severely neutropenic patient with associated influences on a true random number generator.,https://pubmed.ncbi.nlm.nih.gov/22132706/,ABSTRACT,ABSTRACT_EXTRACTED_FULL_REVIEW_PENDING,"Single patient with hepatitis C and treatment-related neutropenia, Reiki/other energetic healing plus medical therapy and RNG monitoring. Associations with blood counts cannot establish causation, virologic cure by Reiki, or an energy mechanism.","Verify original full text and lineage; independently assess bias, registry/endpoint match, funding, safety and publisher updates. Do not count overlapping reports independently.",2026-09-30
CHAKRA_AURA,35191790,Bioenergy for Stress Relief in University Students: A Randomized Controlled Trial.,https://pubmed.ncbi.nlm.nih.gov/35191790/,ABSTRACT,ABSTRACT_EXTRACTED_FULL_REVIEW_PENDING,"Students randomized to 20-minute Healing Touch Chakra Connection or video. Blood-pressure decrease greater with intervention, but cortisol/IL6 decreases were not greater than control. Baseline stress predicted decrease regardless of group. Same study mapped to two identities.","Verify original full text and lineage; independently assess bias, registry/endpoint match, funding, safety and publisher updates. Do not count overlapping reports independently.",2026-09-30
CHAKRA_AURA,41833700,"A pilot study of an 8-week, group-based, chakra-informed kundalini yoga intervention for adolescents and young adults with diabetes: Feasibility, youth outcomes, and caregiver distress.",https://pubmed.ncbi.nlm.nih.gov/41833700/,ABSTRACT,ABSTRACT_EXTRACTED_FULL_REVIEW_PENDING,"Uncontrolled eight-week chakra-informed Kundalini program, weekly 90-minute sessions; 13 young people with diabetes and 12 caregivers completed. Distress and selected biomarkers improved; multicomponent package, small sample and no control preclude energy-specific inference.","Verify original full text and lineage; independently assess bias, registry/endpoint match, funding, safety and publisher updates. Do not count overlapping reports independently.",2026-09-30
CHAKRA_AURA,39405793,"The effect of reiki and acupressure on pain, anxiety and vital signs during femoral sheath removal in patients undergoing percutaneous coronary intervention: A randomized controlled study.",https://pubmed.ncbi.nlm.nih.gov/39405793/,ABSTRACT,ABSTRACT_EXTRACTED_FULL_REVIEW_PENDING,"84 PCI patients randomized equally to 18-minute Reiki at seven chakra regions, acupressure or usual care before sheath removal. Pain/anxiety favored both active groups; blood pressure favored acupressure only. No sham or isolated chakra-mechanism test.","Verify original full text and lineage; independently assess bias, registry/endpoint match, funding, safety and publisher updates. Do not count overlapping reports independently.",2026-09-30
CHAKRA_AURA,37119541,Immediate Effect of Nada Yoga Meditation on Energy Levels and Alignment of Seven Chakras as Assessed by Electro-photonic Imaging: A Randomized Controlled Crossover Pilot Study.,https://pubmed.ncbi.nlm.nih.gov/37119541/,ABSTRACT,ABSTRACT_EXTRACTED_FULL_REVIEW_PENDING,15 healthy volunteers in randomized crossover of 45-minute Nada Yoga versus supine rest. Several electro-photonic imaging outputs increased. Device-defined chakra measures are not independently validated clinical endpoints; multiple comparisons and carryover need review.,"Verify original full text and lineage; independently assess bias, registry/endpoint match, funding, safety and publisher updates. Do not count overlapping reports independently.",2026-09-30
CHAKRA_AURA,39033882,Effectiveness of Pranic Healing as complementary therapy on lower urinary tract symptoms and sleep: Single-blind randomized trial.,https://pubmed.ncbi.nlm.nih.gov/39033882/,ABSTRACT,ABSTRACT_EXTRACTED_FULL_REVIEW_PENDING,"Already appraised under Pranic Healing: 76 randomized, 66 reported in medication/medication-plus-PH groups, twice weekly five weeks. Selected LUTS/sleep outcomes favored adjunct; no sham, attrition and within-group interpretations matter. Do not count chakra mapping as replication.","Verify original full text and lineage; independently assess bias, registry/endpoint match, funding, safety and publisher updates. Do not count overlapping reports independently.",2026-09-30
CHAKRA_AURA,36710104,An exploratory investigation of human biofield responses to encountering a sacred object.,https://pubmed.ncbi.nlm.nih.gov/36710104/,ABSTRACT,ABSTRACT_EXTRACTED_FULL_REVIEW_PENDING,"17 volunteers measured before/after sacred-stone exposure without control. Bio-Well outputs changed but chakra alignment did not, p=.145. Device labels do not establish organ function or objectively verified human energy changes.","Verify original full text and lineage; independently assess bias, registry/endpoint match, funding, safety and publisher updates. Do not count overlapping reports independently.",2026-09-30
BENGSTON_METHOD,30022894,Transcriptional Changes in Cancer Cells Induced by Exposure to a Healing Method.,https://pubmed.ncbi.nlm.nih.gov/30022894/,ABSTRACT,ABSTRACT_EXTRACTED_FULL_REVIEW_PENDING,"Cancer-cell experiments using charged cotton, recordings and hands-on Bengston method. Selected gene-expression changes reported across many tests; preclinical only, no patient benefit or cancer cure demonstrated. Replication and multiplicity require full assessment.","Verify original full text and lineage; independently assess bias, registry/endpoint match, funding, safety and publisher updates. Do not count overlapping reports independently.",2026-09-30
BRENNAN_HEALING,24439097,Pain after hip arthroplasty managed by Brennan Healing Science.,https://pubmed.ncbi.nlm.nih.gov/24439097/,ABSTRACT,ABSTRACT_EXTRACTED_FULL_REVIEW_PENDING,"One post-hip-arthroplasty patient, 60-minute Brennan hands-on session from feet through joints/centerline. Pain reportedly 9 to 4; uncontrolled case cannot establish implant repair, avoidable surgery or treatment efficacy.","Verify original full text and lineage; independently assess bias, registry/endpoint match, funding, safety and publisher updates. Do not count overlapping reports independently.",2026-09-30
POLARITY_THERAPY,31210499,[The effect of a polarity intervention on the insomnia and anxiety in middle-aged Quebec women].,https://pubmed.ncbi.nlm.nih.gov/31210499/,ABSTRACT,ABSTRACT_EXTRACTED_FULL_REVIEW_PENDING,"47 middle-aged women randomized to four Polarity sessions versus sleep-habit information. Insomnia/anxiety interactions favored Polarity; unequal attention, unreported masking and absent confidence intervals limit interpretation.","Verify original full text and lineage; independently assess bias, registry/endpoint match, funding, safety and publisher updates. Do not count overlapping reports independently.",2026-09-30
POLARITY_THERAPY,19377083,A randomized trial of a CAM therapy for stress reduction in American Indian and Alaskan Native family caregivers.,https://pubmed.ncbi.nlm.nih.gov/19377083/,ABSTRACT,ABSTRACT_EXTRACTED_FULL_REVIEW_PENDING,"42 Indigenous dementia caregivers randomized to eight Polarity sessions or enhanced respite. Stress p=.01 and selected secondary outcomes favored therapy; small sample, multiple endpoints and attention-equivalence review remain.","Verify original full text and lineage; independently assess bias, registry/endpoint match, funding, safety and publisher updates. Do not count overlapping reports independently.",2026-09-30
POLARITY_THERAPY,15695472,Treatment of radiotherapy-induced fatigue through a nonpharmacological approach.,https://pubmed.ncbi.nlm.nih.gov/15695472/,ABSTRACT,ABSTRACT_EXTRACTED_FULL_REVIEW_PENDING,"15 breast-radiotherapy patients randomized to zero, one or two Polarity treatments. Fatigue/QOL favored treated participants; tiny arms and exploratory dose-response interpretation need caution. Later larger primary-fatigue null study PMID21382958 must be considered.","Verify original full text and lineage; independently assess bias, registry/endpoint match, funding, safety and publisher updates. Do not count overlapping reports independently.",2026-09-30
JIN_SHIN_JYUTSU,24771664,"""Not just a theory"": the relationship between Jin Shin Jyutsu® self-care training for nurses and stress, physical health, emotional health, and caring efficacy.",https://pubmed.ncbi.nlm.nih.gov/24771664/,ABSTRACT,ABSTRACT_EXTRACTED_FULL_REVIEW_PENDING,"20 nurses, uncontrolled pre/post three two-hour JSJ self-care classes with daily practice and 30-40-day follow-up. Several survey domains improved; many tests and absence of comparator prevent causal efficacy claims.","Verify original full text and lineage; independently assess bias, registry/endpoint match, funding, safety and publisher updates. Do not count overlapping reports independently.",2026-09-30
JIN_SHIN_JYUTSU,21825093,Effect of Jin Shin Jyutsu energy medicine treatments on women diagnosed with breast cancer.,https://pubmed.ncbi.nlm.nih.gov/21825093/,ABSTRACT,ABSTRACT_EXTRACTED_FULL_REVIEW_PENDING,"29 breast-cancer women with complete data after ten weekly JSJ treatments, pre/post evaluation. Adaptation/activities improved; social-support satisfaction unchanged. No comparator described despite indexed Controlled Clinical Trial label; investigator-developed measures.","Verify original full text and lineage; independently assess bias, registry/endpoint match, funding, safety and publisher updates. Do not count overlapping reports independently.",2026-09-30
JIN_SHIN_JYUTSU,12233795,Jin Shin Jyutsu outcomes in a patient with multiple myeloma.,https://pubmed.ncbi.nlm.nih.gov/12233795/,NO_ABSTRACT,SOURCE_GAP_NO_ABSTRACT,"Case-report title identifies JSJ in multiple myeloma, but PubMed provides no abstract. Patient, dose, results and safety cannot be extracted from title; primary full text remains required.","Verify original full text and lineage; independently assess bias, registry/endpoint match, funding, safety and publisher updates. Do not count overlapping reports independently.",2026-09-30
JOHREI,19606689,[The effect of alternative therapies on symptoms of patients with functional chest pain--pilot study with Johrei healing technique].,https://pubmed.ncbi.nlm.nih.gov/19606689/,ABSTRACT,ABSTRACT_EXTRACTED_FULL_REVIEW_PENDING,"39 functional-chest-pain patients, 18 Johrei sessions in six weeks versus waitlist. Sample sizes and symptom values match PMID18945261: probable overlapping report, verify authors/full text before counting independently. Within-arm p-values do not establish between-arm effect.","Verify original full text and lineage; independently assess bias, registry/endpoint match, funding, safety and publisher updates. Do not count overlapping reports independently.",2026-09-30
JOHREI,14698357,The impact of self-hypnosis and Johrei on lymphocyte subpopulations at exam time: a controlled study.,https://pubmed.ncbi.nlm.nih.gov/14698357/,ABSTRACT,ABSTRACT_EXTRACTED_FULL_REVIEW_PENDING,"48 students randomized to self-hypnosis, Johrei or relaxation before exams. Selected lymphocyte changes favored Johrei subgroup (11/12); biomarkers are surrogate outcomes and numerous comparisons need review.","Verify original full text and lineage; independently assess bias, registry/endpoint match, funding, safety and publisher updates. Do not count overlapping reports independently.",2026-09-30
JOHREI,32811741,Alternative treatment with Johrei: A controlled randomized study evaluating seed physiological potential.,https://pubmed.ncbi.nlm.nih.gov/32811741/,ABSTRACT,ABSTRACT_EXTRACTED_FULL_REVIEW_PENDING,"Thermally stressed lettuce seeds, Johrei versus untreated before/after two-year storage. Germination/growth endpoints favored Johrei. Plant study cannot establish human therapeutic efficacy; environmental controls and batch replication need full text.","Verify original full text and lineage; independently assess bias, registry/endpoint match, funding, safety and publisher updates. Do not count overlapping reports independently.",2026-09-30
JOHREI,17173118,Johrei family healing: a pilot study.,https://pubmed.ncbi.nlm.nih.gov/17173118/,ABSTRACT,ABSTRACT_EXTRACTED_FULL_REVIEW_PENDING,"Uncontrolled 12-month family Johrei pilot in childhood eczema. Initial improvements inseparable from season/confounding; other general-health and psychological outcomes did not improve. Recruitment, adherence and retention difficulties reported.","Verify original full text and lineage; independently assess bias, registry/endpoint match, funding, safety and publisher updates. Do not count overlapping reports independently.",2026-09-30
JOHREI,16765851,The influence of 10 min of the Johrei healing method on laboratory stress.,https://pubmed.ncbi.nlm.nih.gov/16765851/,ABSTRACT,ABSTRACT_EXTRACTED_FULL_REVIEW_PENDING,"33 students, randomized counterbalanced crossover of 10-minute Johrei/rest after arithmetic stress. Selected mood/anxiety improved; IgA unchanged, cortisol/DHEA differences nonsignificant. Acute laboratory mood effect is not disease-treatment evidence.","Verify original full text and lineage; independently assess bias, registry/endpoint match, funding, safety and publisher updates. Do not count overlapping reports independently.",2026-09-30
JOHREI,34969609,Beneficial Effects of Receiving Johrei on General Health or Hypothermia Tendency.,https://pubmed.ncbi.nlm.nih.gov/34969609/,ABSTRACT,ABSTRACT_EXTRACTED_FULL_REVIEW_PENDING,186 generally healthy and 39 hypothermia-prone participants across randomized/comparative experiments; 10-minute Johrei versus nonqualified operators. Neck blood flow/temperature favored practitioners. Participants and operator counts differ; clarify experiment-level denominators and masking.,"Verify original full text and lineage; independently assess bias, registry/endpoint match, funding, safety and publisher updates. Do not count overlapping reports independently.",2026-09-30
JOHREI,16970532,The effect of Johrei healing on substance abuse recovery: a pilot study.,https://pubmed.ncbi.nlm.nih.gov/16970532/,ABSTRACT,ABSTRACT_EXTRACTED_FULL_REVIEW_PENDING,"21 residential substance-treatment participants, Johrei adjunct versus waitlist; 12 received three 20-minute sessions weekly for five weeks. Selected mood/recovery measures improved, but substance use did not differ. First-wave pilot and no sham limit interpretation.","Verify original full text and lineage; independently assess bias, registry/endpoint match, funding, safety and publisher updates. Do not count overlapping reports independently.",2026-09-30
JOHREI,22385045,Effect of a Japanese energy healing method known as Johrei on viability and proliferation of cultured cancer cells in vitro.,https://pubmed.ncbi.nlm.nih.gov/22385045/,ABSTRACT,ABSTRACT_EXTRACTED_FULL_REVIEW_PENDING,"Cultured cancer-cell study with repeated Johrei versus untreated/volunteer-treated controls; selected viability/proliferation effects reported, including 72-hour exposure. Cell outcomes do not establish cancer treatment in humans; earlier null cellular studies also retained.","Verify original full text and lineage; independently assess bias, registry/endpoint match, funding, safety and publisher updates. Do not count overlapping reports independently.",2026-09-30
JOHREI,23452712,Effect of Johrei therapy on sleep in a murine model.,https://pubmed.ncbi.nlm.nih.gov/23452712/,ABSTRACT,ABSTRACT_EXTRACTED_FULL_REVIEW_PENDING,"45 mice, five arms of nine. Johrei increased brain C-fos sleep marker; EEG sleep-efficiency comparison p=.07 was nonsignificant. Animal surrogate findings do not validate human insomnia therapy.","Verify original full text and lineage; independently assess bias, registry/endpoint match, funding, safety and publisher updates. Do not count overlapping reports independently.",2026-09-30
JOHREI,15667653,"Time-lapse analysis of potential cellular responsiveness to Johrei, a Japanese healing technique.",https://pubmed.ncbi.nlm.nih.gov/15667653/,ABSTRACT,ABSTRACT_EXTRACTED_FULL_REVIEW_PENDING,"Eight control versus eight Johrei cell-culture experiments, teams alternating half-hourly over four hours. No reproducible cell-death or proliferation response found.","Verify original full text and lineage; independently assess bias, registry/endpoint match, funding, safety and publisher updates. Do not count overlapping reports independently.",2026-09-30
JOHREI,17549235,Radiation response of cultured human cells is unaffected by Johrei.,https://pubmed.ncbi.nlm.nih.gov/17549235/,ABSTRACT,ABSTRACT_EXTRACTED_FULL_REVIEW_PENDING,"Randomized cell samples and blinded analysis, four X-ray doses, Johrei 30 minutes at 20 cm. No significant effect on division/death; radiation dose alone significant. Does not support radiation-protection claims.","Verify original full text and lineage; independently assess bias, registry/endpoint match, funding, safety and publisher updates. Do not count overlapping reports independently.",2026-09-30
HEARTFULNESS,39680432,"Effect of a Web-Based Heartfulness Program on the Mental Well-Being, Biomarkers, and Gene Expression Profile of Health Care Students: Randomized Controlled Trial.",https://pubmed.ncbi.nlm.nih.gov/39680432/,ABSTRACT,ABSTRACT_EXTRACTED_FULL_REVIEW_PENDING,78 students randomized 42/36 to 12-week web Heartfulness/control. Selected symptom and biomarker contrasts reported. Abstract calls control DASS/anxiety changes nonsignificant while listing p=.04/.02; threshold/multiplicity and full contrasts require reconciliation. Gene changes are exploratory surrogates.,"Verify original full text and lineage; independently assess bias, registry/endpoint match, funding, safety and publisher updates. Do not count overlapping reports independently.",2026-09-30
HEARTFULNESS,40271908,"Effect of Heartfulness Meditation on Stress Biomarkers, Burnout and Well-Being: A Randomized Controlled Study.",https://pubmed.ncbi.nlm.nih.gov/40271908/,ABSTRACT,ABSTRACT_EXTRACTED_FULL_REVIEW_PENDING,"100 stressed young adults randomized to daily Heartfulness or sham meditation for 12 weeks. Selected burnout, well-being and biomarkers favored meditation; effect sizes/attrition missing. CTRI/2023/10/058423 match and sham fidelity pending.","Verify original full text and lineage; independently assess bias, registry/endpoint match, funding, safety and publisher updates. Do not count overlapping reports independently.",2026-09-30
HEARTFULNESS,41305815,Heartfulness meditation alters neuroendocrine profiles: A randomized controlled trial on hormones of stress and well-being.,https://pubmed.ncbi.nlm.nih.gov/41305815/,ABSTRACT,ABSTRACT_EXTRACTED_FULL_REVIEW_PENDING,"Randomized 30-day guided Heartfulness then control crossover; sample unspecified. Hormone and affect changes reported; clarify sign conventions, controlled period contrasts and carryover. Hormone changes do not establish treatment of mood disorders.","Verify original full text and lineage; independently assess bias, registry/endpoint match, funding, safety and publisher updates. Do not count overlapping reports independently.",2026-09-30
HEARTFULNESS,38848338,Impact of heartfulness meditation practice compared to the gratitude practices on wellbeing and work engagement among healthcare professionals: Randomized trial.,https://pubmed.ncbi.nlm.nih.gov/38848338/,ABSTRACT,ABSTRACT_EXTRACTED_FULL_REVIEW_PENDING,"83 health professionals, six-week trainer-guided Heartfulness versus self-guided gratitude. Compassion satisfaction difference nonsignificant; several within-Heartfulness changes positive. Between-arm contrasts and contact imbalance need full text.","Verify original full text and lineage; independently assess bias, registry/endpoint match, funding, safety and publisher updates. Do not count overlapping reports independently.",2026-09-30
HEARTFULNESS,37342644,"Impact of Heartfulness meditation practice on anxiety, perceived stress, well-being, and telomere length.",https://pubmed.ncbi.nlm.nih.gov/37342644/,ABSTRACT,ABSTRACT_EXTRACTED_FULL_REVIEW_PENDING,100 healthy young adults randomized to three-month Heartfulness/control. Cortisol favored meditation; telomere length and perceived-stress changes nonsignificant. Cannot claim slower aging from nonsignificant telomere result.,"Verify original full text and lineage; independently assess bias, registry/endpoint match, funding, safety and publisher updates. Do not count overlapping reports independently.",2026-09-30
HEARTFULNESS,33682592,Heartfulness meditation improves loneliness and sleep in physicians and advance practice providers during COVID-19 pandemic.,https://pubmed.ncbi.nlm.nih.gov/33682592/,ABSTRACT,ABSTRACT_EXTRACTED_FULL_REVIEW_PENDING,"155 enrolled, 36% attrition; four-week remote Heartfulness versus no intervention. Loneliness/sleep improvements reported within meditation completers, approximately 40/41 versus 57/58 controls; between-group superiority not established by different within-group p-values. Retrospective ISRCTN85787008 registration.","Verify original full text and lineage; independently assess bias, registry/endpoint match, funding, safety and publisher updates. Do not count overlapping reports independently.",2026-09-30
HEARTFULNESS,36949840,"Effect of 4-Week Heartfulness Meditation on Stress Scores, Sleep Quality, and Oxidative and Inflammatory Biochemical Parameters in COVID-19 Patients after Completion of Standard Treatment - A Randomized Controlled Trial.",https://pubmed.ncbi.nlm.nih.gov/36949840/,ABSTRACT,ABSTRACT_EXTRACTED_FULL_REVIEW_PENDING,"50 post-COVID-treatment patients randomized to four-week app Heartfulness or relaxation; assessor blinded. Both groups improved selected symptoms/biomarkers, abstract reports greater gains in meditation without numeric contrasts. No infection cure or prevention tested.","Verify original full text and lineage; independently assess bias, registry/endpoint match, funding, safety and publisher updates. Do not count overlapping reports independently.",2026-09-30
HEARTFULNESS,42328361,Effects of heartfulness and bell meditation on brain activities and autonomic function in university students: An exploratory study.,https://pubmed.ncbi.nlm.nih.gov/42328361/,ABSTRACT,ABSTRACT_EXTRACTED_FULL_REVIEW_PENDING,"Nine students randomized to Heartfulness, bell meditation or passive control, 30 minutes daily 21 days. EEG effects nonsignificant; GSR interaction p=.069 nonsignificant. Three participants per arm cannot support a robust mechanism.","Verify original full text and lineage; independently assess bias, registry/endpoint match, funding, safety and publisher updates. Do not count overlapping reports independently.",2026-09-30
HEARTFULNESS,35384302,Impact of the Heartfulness program on loneliness in high schoolers: Randomized survey study.,https://pubmed.ncbi.nlm.nih.gov/35384302/,ABSTRACT,ABSTRACT_EXTRACTED_FULL_REVIEW_PENDING,108 teenagers randomized equally to four-week online Heartfulness self-care/waitlist. Loneliness group-time interaction positive; broad self-care package and no attention control cannot isolate transmission/energy mechanisms.,"Verify original full text and lineage; independently assess bias, registry/endpoint match, funding, safety and publisher updates. Do not count overlapping reports independently.",2026-09-30
HEARTFULNESS,39331608,"Effects of an 8-week intervention of anulom vilom pranayama combined with heartfulness meditation on psychological stress, autonomic function, inflammatory biomarkers, and oxidative stress in healthcare workers during COVID-19 pandemic: a randomized controlled trial.",https://pubmed.ncbi.nlm.nih.gov/39331608/,ABSTRACT,ABSTRACT_EXTRACTED_FULL_REVIEW_PENDING,"100 nurses randomized to combined pranayama plus Heartfulness/control; 86 completed (40/46). Selected stress/autonomic/biomarker effects reported. Combined intervention confounds attribution; abstract Methods says eight weeks but Conclusion says eighty weeks, requiring primary reconciliation.","Verify original full text and lineage; independently assess bias, registry/endpoint match, funding, safety and publisher updates. Do not count overlapping reports independently.",2026-09-30
SOUND_HEALING,41616681,"Evaluating the sound magnetic balance intervention in a randomized controlled trial: Effects on psychological distress, somatic pain, and physiological arousal.",https://pubmed.ncbi.nlm.nih.gov/41616681/,ABSTRACT,ABSTRACT_EXTRACTED_FULL_REVIEW_PENDING,"46 students randomized to combined singing bowls/tuning forks/magnetic massage versus music or story, three 30-35-minute sessions. Selected distress/pain/vital signs favored package; multiple tests, small sample and combined modalities prevent isolated sound or magnetic-energy claims.","Verify original full text and lineage; independently assess bias, registry/endpoint match, funding, safety and publisher updates. Do not count overlapping reports independently.",2026-09-30
SOUND_HEALING,37537086,Patient experiences and outcomes in a virtual healing setting: A feasibility study.,https://pubmed.ncbi.nlm.nih.gov/37537086/,ABSTRACT,ABSTRACT_EXTRACTED_FULL_REVIEW_PENDING,"15 recruited, 13 quantitative completers, 12 interviews after remote Biofield Tuning. Qualitative perceived benefits; no comparator. Overlaps quantitative report PMID37023932. Thirty-minute duration is interview length, not session dose.","Verify original full text and lineage; independently assess bias, registry/endpoint match, funding, safety and publisher updates. Do not count overlapping reports independently.",2026-09-30
AGNIHOTRA,42140041,Improved anticancer efficacy of plant leaf extracts from homa environment: A preliminary study.,https://pubmed.ncbi.nlm.nih.gov/42140041/,ABSTRACT,ABSTRACT_EXTRACTED_FULL_REVIEW_PENDING,Leaf extracts from Homa versus non-Homa environments tested in HeLa cells. Selected cytotoxicity/migration/gene effects favored Homa-grown extracts; location/growing differences confound attribution and no human anticancer efficacy was tested.,"Verify original full text and lineage; independently assess bias, registry/endpoint match, funding, safety and publisher updates. Do not count overlapping reports independently.",2026-09-30
EXTERNAL_QIGONG,15253849,Effects of qi therapy (external qigong ) on premenstrual syndrome: a randomized placebo-controlled study.,https://pubmed.ncbi.nlm.nih.gov/15253849/,ABSTRACT,ABSTRACT_EXTRACTED_FULL_REVIEW_PENDING,"36 women randomized equally to external qi/placebo, eight treatments during second/third menstrual cycles after screening. Selected PMS symptom benefits reported; magnitudes, missingness and masking fidelity need full text.","Verify original full text and lineage; independently assess bias, registry/endpoint match, funding, safety and publisher updates. Do not count overlapping reports independently.",2026-09-30
EXTERNAL_QIGONG,16048810,Effects of Qi-therapy (external Qigong) on cardiac autonomic tone: a randomized placebo controlled study.,https://pubmed.ncbi.nlm.nih.gov/16048810/,ABSTRACT,ABSTRACT_EXTRACTED_FULL_REVIEW_PENDING,40 subjects randomized to external qi/placebo. Selected HR/HRV interactions positive; autonomic surrogate outcomes do not establish clinical benefit or emitted energy. Dose/precision absent from abstract.,"Verify original full text and lineage; independently assess bias, registry/endpoint match, funding, safety and publisher updates. Do not count overlapping reports independently.",2026-09-30
EXTERNAL_QIGONG,20626055,External qigong for chronic pain.,https://pubmed.ncbi.nlm.nih.gov/20626055/,ABSTRACT,ABSTRACT_EXTRACTED_FULL_REVIEW_PENDING,50 chronic-pain patients randomized 26/24 to weekly 30-minute external qi or equivalent attention for four weeks. Pain favored treatment in weeks two-four; week-eight difference nonsignificant. Prior qigong awareness imbalanced.,"Verify original full text and lineage; independently assess bias, registry/endpoint match, funding, safety and publisher updates. Do not count overlapping reports independently.",2026-09-30
EXTERNAL_QIGONG,16173532,Nonlinear analysis of heart rate variability during Qi therapy (external Qigong).,https://pubmed.ncbi.nlm.nih.gov/16173532/,ABSTRACT,ABSTRACT_EXTRACTED_FULL_REVIEW_PENDING,"30 subjects, external qi/placebo crossover. Selected emotions and HRV outputs favored qi; surrogate endpoints, crossover order/washout and overlap with related HRV reports require full text.","Verify original full text and lineage; independently assess bias, registry/endpoint match, funding, safety and publisher updates. Do not count overlapping reports independently.",2026-09-30
EXTERNAL_QIGONG,16861168,Is there any difference in the effects of Qi therapy (external Qigong) with and without touching? A pilot study.,https://pubmed.ncbi.nlm.nih.gov/16861168/,ABSTRACT,ABSTRACT_EXTRACTED_FULL_REVIEW_PENDING,"24 healthy men randomized to touch versus non-touch external qi. No between-group effects, all p>.05; both groups' within-session changes do not show efficacy against sham or equivalence.","Verify original full text and lineage; independently assess bias, registry/endpoint match, funding, safety and publisher updates. Do not count overlapping reports independently.",2026-09-30
EXTERNAL_QIGONG,16051542,Efficacy of Qi-therapy (external Qigong) for elderly people with chronic pain.,https://pubmed.ncbi.nlm.nih.gov/16051542/,ABSTRACT,ABSTRACT_EXTRACTED_FULL_REVIEW_PENDING,"43 older chronic-pain participants randomized to four-week external qi or standard care. Mood/psychological comparisons favored intervention; two-week follow-up improvement reported relative to baseline. Controlled pain magnitude, attention and masking need review.","Verify original full text and lineage; independently assess bias, registry/endpoint match, funding, safety and publisher updates. Do not count overlapping reports independently.",2026-09-30
EXTERNAL_QIGONG,38304734,Biofield Therapies: Guidelines for Reporting Clinical Trials.,https://pubmed.ncbi.nlm.nih.gov/38304734/,ABSTRACT,CONTEXT_ONLY,"Reporting-guideline development, Delphi process and panels, 15-item intervention checklist. Methodology context, not an efficacy trial or independent replication.",Use for methods/citation chasing; no efficacy results extracted.,2026-09-30
EXTERNAL_QIGONG,15102336,In vitro test of external Qigong.,https://pubmed.ncbi.nlm.nih.gov/15102336/,ABSTRACT,ABSTRACT_EXTRACTED_FULL_REVIEW_PENDING,"Cell-culture external qi experiments with randomization/blinding. Pilot eight experiments p=.162, formal 28 p=.036, replication 60 p=.465. Initial effect failed replication; no scientific validation established.","Verify original full text and lineage; independently assess bias, registry/endpoint match, funding, safety and publisher updates. Do not count overlapping reports independently.",2026-09-30
SAHAJA_YOGA,9062044,Effect of Sahaja yoga practice on seizure control & EEG changes in patients of epilepsy.,https://pubmed.ncbi.nlm.nih.gov/9062044/,ABSTRACT,ABSTRACT_EXTRACTED_FULL_REVIEW_PENDING,"32 epilepsy patients randomized 10/10/12 to six-month Sahaja, mimicking exercise or control. Large within-meditation seizure reductions reported; controlled contrasts/medication stability/full bias assessment needed. Likely related cohort with PMIDs7649596/10832506, not three independent trials.","Verify original full text and lineage; independently assess bias, registry/endpoint match, funding, safety and publisher updates. Do not count overlapping reports independently.",2026-09-30
SAHAJA_YOGA,7649596,Effect of Sahaja yoga practice on stress management in patients of epilepsy.,https://pubmed.ncbi.nlm.nih.gov/7649596/,ABSTRACT,ABSTRACT_EXTRACTED_FULL_REVIEW_PENDING,32 epilepsy patients in three six-month Sahaja/mimic/control groups. Stress-marker within-group changes reported. Likely overlaps seizure/evoked-potential reports PMIDs9062044/10832506; verify cohort and avoid independent replication counting.,"Verify original full text and lineage; independently assess bias, registry/endpoint match, funding, safety and publisher updates. Do not count overlapping reports independently.",2026-09-30
SAHAJA_YOGA,10832506,Effect of Sahaja yoga meditation on auditory evoked potentials (AEP) and visual contrast sensitivity (VCS) in epileptics.,https://pubmed.ncbi.nlm.nih.gov/10832506/,ABSTRACT,ABSTRACT_EXTRACTED_FULL_REVIEW_PENDING,"32 epilepsy patients on maintained medication, Sahaja twice daily six months versus mimic/control. Selected sensory/evoked-potential changes; brainstem latencies unchanged. Likely overlaps PMIDs9062044/7649596; these surrogate outcomes do not establish cure.","Verify original full text and lineage; independently assess bias, registry/endpoint match, funding, safety and publisher updates. Do not count overlapping reports independently.",2026-09-30
SAHAJA_YOGA,22784346,"Effect of Sahaja yoga meditation on quality of life, anxiety, and blood pressure control.",https://pubmed.ncbi.nlm.nih.gov/22784346/,ABSTRACT,ABSTRACT_EXTRACTED_FULL_REVIEW_PENDING,"Nonrandomized observational comparison, 67 meditation-center versus 62 hospital completers. Adjusted QOL/anxiety/BP changes favored Sahaja; baseline QOL differed and site/self-selection confounding remains.","Verify original full text and lineage; independently assess bias, registry/endpoint match, funding, safety and publisher updates. Do not count overlapping reports independently.",2026-09-30
SAHAJA_YOGA,41765323,The Effectiveness of School-Based Sahaja Yoga Meditation in Dealing with Problematic Internet Use Among Adolescents in India.,https://pubmed.ncbi.nlm.nih.gov/41765323/,ABSTRACT,ABSTRACT_EXTRACTED_FULL_REVIEW_PENDING,"119 school students, purposive quasi-experimental Sahaja/waitlist; five 40-minute sessions weekly 12 weeks. Selected self-esteem/coping/internet-use outcomes favorable; nonrandomized allocation and baseline age differences limit causal interpretation.","Verify original full text and lineage; independently assess bias, registry/endpoint match, funding, safety and publisher updates. Do not count overlapping reports independently.",2026-09-30
SAHAJA_YOGA,42786418,Brief meditation and acute stress in undergraduate nursing students: a pre-post study of an embedded wellness intervention.,https://pubmed.ncbi.nlm.nih.gov/42786418/,ABSTRACT,ABSTRACT_EXTRACTED_FULL_REVIEW_PENDING,"84 nursing students across 99 sessions, uncontrolled 20-minute Sahaja pre/post. Acute stress fell 2.33 points; resilience did not significantly change, p=.281. Repeated sessions are not independent participants; no causal comparator.","Verify original full text and lineage; independently assess bias, registry/endpoint match, funding, safety and publisher updates. Do not count overlapping reports independently.",2026-09-30
SAHAJA_YOGA,30485713,Short-term Sahaja Yoga meditation training modulates brain structure and spontaneous activity in the executive control network.,https://pubmed.ncbi.nlm.nih.gov/30485713/,ABSTRACT,ABSTRACT_EXTRACTED_FULL_REVIEW_PENDING,12 meditation-naive adults after four-week Sahaja versus 30 controls. Selected MRI density/resting-state changes associated with well-being; allocation unspecified and neural surrogate changes do not establish clinical efficacy.,"Verify original full text and lineage; independently assess bias, registry/endpoint match, funding, safety and publisher updates. Do not count overlapping reports independently.",2026-09-30
SAHAJA_YOGA,25583571,Impact of long-term meditation practice on cardiovascular reactivity during perception and reappraisal of affective images.,https://pubmed.ncbi.nlm.nih.gov/25583571/,ABSTRACT,ABSTRACT_EXTRACTED_FULL_REVIEW_PENDING,22 long-term Sahaja meditators versus 20 controls during affective-image tasks. Selected cardiovascular-reactivity differences; cross-sectional self-selection and lifestyle confounding preclude causal treatment claims.,"Verify original full text and lineage; independently assess bias, registry/endpoint match, funding, safety and publisher updates. Do not count overlapping reports independently.",2026-09-30
SAHAJA_YOGA,21716708,"A randomized, controlled trial of meditation for work stress, anxiety and depressed mood in full-time workers.",https://pubmed.ncbi.nlm.nih.gov/21716708/,ABSTRACT,ABSTRACT_EXTRACTED_FULL_REVIEW_PENDING,"178 workers randomized to eight-week Sahaja mental-silence, relaxation or waitlist. Occupational stress p=.026 and depressed mood p=.019 favored meditation; confidence intervals, attrition and adverse-event ascertainment require full text.","Verify original full text and lineage; independently assess bias, registry/endpoint match, funding, safety and publisher updates. Do not count overlapping reports independently.",2026-09-30
SAHAJA_YOGA,25281881,Influence of long-term Sahaja Yoga meditation practice on emotional processing in the brain: An ERP study.,https://pubmed.ncbi.nlm.nih.gov/25281881/,ABSTRACT,ABSTRACT_EXTRACTED_FULL_REVIEW_PENDING,"20 long-term Sahaja meditators versus 20 controls, emotional-image ERP study. Early ERP differences reported but late responses unchanged; cross-sectional selection and surrogate endpoints constrain causal mechanism inference.","Verify original full text and lineage; independently assess bias, registry/endpoint match, funding, safety and publisher updates. Do not count overlapping reports independently.",2026-09-30
MANTRA_PRACTICES,29650130,Effects of Single-Session Group Mantra-meditation on Salivary Immunoglobulin A and Affective State: A Psychoneuroimmunology Viewpoint.,https://pubmed.ncbi.nlm.nih.gov/29650130/,ABSTRACT,ABSTRACT_EXTRACTED_FULL_REVIEW_PENDING,"30 healthy women randomized equally to single 20-minute group mantra or control after common lecture. IgA/affect differences p<.05 at post/one hour; acute surrogate outcomes, small sample and multiplicity need full text.","Verify original full text and lineage; independently assess bias, registry/endpoint match, funding, safety and publisher updates. Do not count overlapping reports independently.",2026-09-30
MANTRA_PRACTICES,30245732,"Effects of Mantra Meditation versus Music Listening on Knee Pain, Function, and Related Outcomes in Older Adults with Knee Osteoarthritis: An Exploratory Randomized Clinical Trial (RCT).",https://pubmed.ncbi.nlm.nih.gov/30245732/,ABSTRACT,ABSTRACT_EXTRACTED_FULL_REVIEW_PENDING,"22 knee-OA adults randomized 11/11 to mantra or music, 15-20 minutes twice daily eight weeks; 20 completed. Both improved core symptoms; mantra favored mood/sleep, while several other contrasts nonsignificant. No superiority on all pain/function endpoints.","Verify original full text and lineage; independently assess bias, registry/endpoint match, funding, safety and publisher updates. Do not count overlapping reports independently.",2026-09-30
MANTRA_PRACTICES,34600308,Sustained effects of mantra meditation compared to music listening on neurocognitive outcomes of breast cancer survivors: A brief report of a randomized control trial.,https://pubmed.ncbi.nlm.nih.gov/34600308/,ABSTRACT,ABSTRACT_EXTRACTED_FULL_REVIEW_PENDING,"31 breast-cancer survivors randomized to mantra/music, 12 minutes daily eight weeks; 26 followed eight weeks after intervention. Cognitive/QOL improvements in both groups with no significant differential change. Unblinded; overlaps biomarker report PMID34802955, NCT03696056.","Verify original full text and lineage; independently assess bias, registry/endpoint match, funding, safety and publisher updates. Do not count overlapping reports independently.",2026-09-30
MANTRA_PRACTICES,34802955,Effects of meditation compared to music listening on biomarkers in breast cancer survivors with cognitive complaints: secondary outcomes of a pilot randomized control trial.,https://pubmed.ncbi.nlm.nih.gov/34802955/,ABSTRACT,ABSTRACT_EXTRACTED_FULL_REVIEW_PENDING,"25 breast-cancer survivors, Kirtan Kriya/music 12 minutes daily eight weeks; secondary biomarker report overlapping PMID34600308. Telomerase p=.06 and selected interactions nonsignificant; no effects on several inflammatory markers. Do not count as independent trial.","Verify original full text and lineage; independently assess bias, registry/endpoint match, funding, safety and publisher updates. Do not count overlapping reports independently.",2026-09-30
MANTRA_PRACTICES,36121655,Efficacy of Transcendental Meditation to Reduce Stress Among Health Care Workers: A Randomized Clinical Trial.,https://pubmed.ncbi.nlm.nih.gov/36121655/,ABSTRACT,ABSTRACT_EXTRACTED_FULL_REVIEW_PENDING,"80 health workers randomized to TM 20 minutes twice daily three months or wellness resources. Primary distress difference -1.8, 95% CI -4.2 to .6, p=.13 nonsignificant; selected secondary burnout/anxiety/insomnia improved. Open-label, NCT04632368.","Verify original full text and lineage; independently assess bias, registry/endpoint match, funding, safety and publisher updates. Do not count overlapping reports independently.",2026-09-30
HEALING_DOWSING,754193,Anatomical localization of human detection of weak electromagnetic radiation: experiments with dowsers.,https://pubmed.ncbi.nlm.nih.gov/754193/,ABSTRACT,ABSTRACT_EXTRACTED_FULL_REVIEW_PENDING,"14 male dowsers exposed to artificial fields with shielding conditions. Responses interpreted as anatomical magnetic sensors; no therapeutic outcome and no independently demonstrated sensor mechanism. Controls, masking and reproducibility need primary text.","Verify original full text and lineage; independently assess bias, registry/endpoint match, funding, safety and publisher updates. Do not count overlapping reports independently.",2026-09-30
HEALING_DOWSING,22365422,Dowsing can be interfered with by radio frequency radiation.,https://pubmed.ncbi.nlm.nih.gov/22365422/,ABSTRACT,ABSTRACT_EXTRACTED_FULL_REVIEW_PENDING,Reanalysis of dowsing field experiments proposing radio-frequency interference. Correlations not present at all sites; hypothesis is not a controlled therapeutic efficacy test or validated diagnostic ability.,"Verify original full text and lineage; independently assess bias, registry/endpoint match, funding, safety and publisher updates. Do not count overlapping reports independently.",2026-09-30
