practice_code,pmid,title,status,note,material_reviewed,source_url
PRANIC_HEALING,39667977,The effect of pranic healing based on Rogers' therapeutic touch on cardiorespiratory indices and pain during venipuncture in pediatrics: A randomized clinical trial.,IDENTITY_UNCONFIRMED,"46 children randomized to Rogers-based Pranic Healing or usual care during venipuncture, five minutes before/during/after; selected pain/vital signs favored intervention. Abstract identifies Rogers Therapeutic Touch theory, not Master Choa Kok Sui lineage. Keep distinct until Methods/training confirm identity; masking description needs verification.",ABSTRACT,https://pubmed.ncbi.nlm.nih.gov/39667977/
DISTANCE_HEALING,12776468,A systematic review of the quality of research on hands-on and distance healing: clinical and laboratory studies.,CONTEXT_ONLY,"Quality review of 45 clinical/45 laboratory healing studies through 2001. Includes heterogeneous hands-on/distant modalities and major methodological problems. Use for citation chasing, not primary replication or Spiritualist-specific efficacy.",ABSTRACT,https://pubmed.ncbi.nlm.nih.gov/12776468/
RECONNECTIVE_HEALING,22863644,Physiological changes in energy healers during self-practice.,ABSTRACT_EXTRACTED_FULL_REVIEW_PENDING,"Named Reconnective Healers confirmed in abstract: 50 practitioners versus 31 Reiki masters and 32 controls during self-practice. HRV decreased in Reconnective group, contrary to greater relaxation; blood perfusion increased. No recipient treatment efficacy or random assignment demonstrated.",ABSTRACT,https://pubmed.ncbi.nlm.nih.gov/22863644/
EDEN_ENERGY_MEDICINE,35435869,"Group Coaching Using Energy-Based Practices for Health, Healing, and Personal Growth: Program Design and Training Outcomes.",CONTEXT_ONLY,"Sixteen coaching students, phase-one training-curriculum evaluation. Abstract does not identify Eden specifically or give a controlled clinical outcome. Retain as educational context, without attribution to Eden efficacy.",ABSTRACT,https://pubmed.ncbi.nlm.nih.gov/35435869/
POLARITY_THERAPY,10394674,Gamma radiation fluctuations during alternative healing therapy.,ABSTRACT_EXTRACTED_FULL_REVIEW_PENDING,"Polarity Therapy explicitly identified: 10 treatment, 10 sham and 10 standing-observer volunteers, gamma detector readings at four sites. Reported lower counts do not establish emitted healing energy, beneficial radiation hormesis or cancer survival. Instrument/environment controls and allocation need full-text appraisal.",ABSTRACT,https://pubmed.ncbi.nlm.nih.gov/10394674/
JIN_SHIN_JYUTSU,34149467,"Case Report: Dynamic Interdependencies Between Complementary and Alternative Medicine (CAM) Practice, Urinary Interleukin-6 Levels, and Fatigue in a Breast Cancer Survivor.",ABSTRACT_EXTRACTED_FULL_REVIEW_PENDING,JSJ explicitly one of multiple CAM activities in a 49-year-old breast-cancer survivor observed for 28 days. Urinary IL6/fatigue time-series associations cannot isolate JSJ or causation. Same patient/period as PMID33412954 is probable; treat as overlapping until reconciled.,ABSTRACT,https://pubmed.ncbi.nlm.nih.gov/34149467/
JIN_SHIN_JYUTSU,42709485,Advancing the Quadruple Aim Through Workplace-Integrated Holistic Wellness Interventions: A Quality Improvement Evaluation.,ABSTRACT_EXTRACTED_FULL_REVIEW_PENDING,JSJ explicitly among workplace wellness modalities over 11 months; independent anonymous samples 166 baseline/158 follow-up. Self-care/healing-culture scores did not significantly change. Quality-improvement evaluation cannot isolate JSJ or treat the samples as paired longitudinal individuals.,ABSTRACT,https://pubmed.ncbi.nlm.nih.gov/42709485/
JIN_SHIN_JYUTSU,33412954,Dynamic Effects of CAM Techniques on Inflammation and Emotional States: An Integrative Single-Case Study on a Breast Cancer Survivor.,ABSTRACT_EXTRACTED_FULL_REVIEW_PENDING,"JSJ explicitly included with music, physiotherapy and energy healing in one breast-cancer survivor's 28-day time series. Cyclic mood/neopterin associations; no comparator or isolated JSJ effect. Probable overlap with PMID34149467, not independent replication.",ABSTRACT,https://pubmed.ncbi.nlm.nih.gov/33412954/
MANTRA_PRACTICES,34421729,"Differential Effects of Ethical Education, Physical Hatha Yoga, and Mantra Meditation on Well-Being and Stress in Healthy Participants-An Experimental Single-Case Study.",ABSTRACT_EXTRACTED_FULL_REVIEW_PENDING,"Mantra explicitly identified: 57 randomized across baseline lengths/four eight-week packages, 42 analyzed. Ethical-education combinations had larger well-being gains; mantra-only well-being unchanged and stress direction unfavorable. Related cohort reports PMIDs36142006/35956171 must not be counted independently.",ABSTRACT,https://pubmed.ncbi.nlm.nih.gov/34421729/
MANTRA_PRACTICES,36142006,"Embodied Cognition in Meditation, Yoga, and Ethics-An Experimental Single-Case Study on the Differential Effects of Four Mind-Body Treatments.",ABSTRACT_EXTRACTED_FULL_REVIEW_PENDING,"42 completers from 57 randomized across the same four mantra/yoga/ethics packages as PMID34421729. Selected embodied-awareness measures improved; mantra-only affect least favorable. Follow-up two/twelve months; secondary report, not independent replication or energy-mechanism proof.",ABSTRACT,https://pubmed.ncbi.nlm.nih.gov/36142006/
MANTRA_PRACTICES,34612802,Pilot clinical trial of a clinical meditation and imagery intervention for chronic pain after spinal cord injury.,ABSTRACT_EXTRACTED_FULL_REVIEW_PENDING,"24 people with spinal-cord-injury pain randomized to combined mindfulness/mantra/imagery or health education, weekly two-hour classes for four weeks. Primary pain interference improved more in control, d>1; selected secondary outcomes favored combined practice. Do not attribute package to isolated mantra efficacy.",ABSTRACT,https://pubmed.ncbi.nlm.nih.gov/34612802/
MANTRA_PRACTICES,35956171,Who Benefits Most? Interactions between Personality Traits and Outcomes of Four Incremental Meditation and Yoga Treatments.,ABSTRACT_EXTRACTED_FULL_REVIEW_PENDING,Moderator analysis of 57 randomized participants across four eight-week mantra/yoga/ethics packages. Personality-outcome associations are exploratory; same project as PMIDs34421729/36142006. No independent replication or validated personalized treatment-selection rule established.,ABSTRACT,https://pubmed.ncbi.nlm.nih.gov/35956171/
CORE_SHAMANISM,21040886,Journey into healing: the transformative experience of shamanic healing on women with temporomandibular joint disorders.,FULL_TEXT_EXTRACTED_BIAS_PENDING,"PMC13023138 Methods confirms practitioners trained by the Foundation for Shamanic Studies and Sandra Ingerman, supporting Core Shamanism lineage. Twenty of 23 women completed five individualized visits, including soul retrieval and integration. Randomization was to practitioners, with no untreated/sham group. Qualitative experiences are not controlled efficacy. Same cohort as PMIDs17985808/22745613; full Methods, Results and Discussion reviewed.",FULL_TEXT,https://pmc.ncbi.nlm.nih.gov/articles/PMC13023138/
CORE_SHAMANISM,17985808,Feasibility and short-term outcomes of a shamanic treatment for temporomandibular joint disorders.,ABSTRACT_EXTRACTED_FULL_REVIEW_PENDING,"23 women with TMD, five visits; random assignment was to four practitioners, not treatment versus control. Pain/function improved within cohort. Lineage and cohort connection are confirmed by Methods and citation in full companion report PMID21040886 (Foundation for Shamanic Studies/Sandra Ingerman). Do not count as an RCT efficacy comparison.",ABSTRACT,https://pubmed.ncbi.nlm.nih.gov/17985808/
CORE_SHAMANISM,41281382,Shamanism as a Clinical Intervention: A Scoping Review.,CONTEXT_ONLY,"Scoping review of heterogeneous shamanism: 16 publications, one clinical trial, case series/reports. Use for citation chasing; review counts are not independent trials and do not establish Core Shamanism lineage for every included study.",ABSTRACT,https://pubmed.ncbi.nlm.nih.gov/41281382/
CORE_SHAMANISM,28336055,Shamanic Healing for Veterans with PTSD: A Case Series.,IDENTITY_UNCONFIRMED,Six veterans in uncontrolled shamanic-healing PTSD case series; semi-structured ritual components and acceptability reported. Abstract does not identify Foundation for Shamanic Studies/Harner training. Core Shamanism attribution and controlled PTSD efficacy remain unconfirmed.,ABSTRACT,https://pubmed.ncbi.nlm.nih.gov/28336055/
CORE_SHAMANISM,37269379,Antinociceptive Efficacy of Shamanic Healing for the Management of Temporomandibular Disorders: An Evidence-Based Review.,CONTEXT_ONLY,"TMD shamanic-healing review includes three publications with matching female age range, potentially overlapping reports from one cohort. Citation chasing needed; neither three independent trials nor general Core Shamanism efficacy established.",ABSTRACT,https://pubmed.ncbi.nlm.nih.gov/37269379/
CORE_SHAMANISM,22745613,Long-term outcomes of shamanic treatment for temporomandibular joint disorders.,ABSTRACT_EXTRACTED_FULL_REVIEW_PENDING,"Nine-month follow-up of the same 23-woman TMD phase-one cohort; improvements did not significantly change after treatment, p>.18. This is persistence within an uncontrolled cohort, not controlled efficacy. Companion Methods PMID21040886 confirms Foundation for Shamanic Studies lineage and shared participants.",ABSTRACT,https://pubmed.ncbi.nlm.nih.gov/22745613/
CORE_SHAMANISM,42030677,"Power animal journeying in Western psychotherapy: Applications, therapeutic safety, and future promises.",IDENTITY_UNCONFIRMED,Fourteen therapists interviewed about power-animal guided imagery. Perceived benefits and suitability concerns described; no controlled patient outcomes or explicit Core Shamanism training lineage in abstract. Keep identity open.,ABSTRACT,https://pubmed.ncbi.nlm.nih.gov/42030677/
CORE_SHAMANISM,8315358,The experiential foundations of shamanic healing.,CONTEXT_ONLY,Anthropological surveys and observation of more than 30 Asian shamans describe anomalous experiences and beliefs. No Core Shamanism treatment trial or objective confirmation of the belief claims.,ABSTRACT,https://pubmed.ncbi.nlm.nih.gov/8315358/
CORE_SHAMANISM,11855507,Shamanism as a healing paradigm for complementary therapy.,CONTEXT_ONLY,"Narrative discussion of shamanism, imagery and immune-system hypotheses. No original controlled treatment results; congruence with psychoneuroimmunology is an interpretation, not validation of Core Shamanism mechanisms.",ABSTRACT,https://pubmed.ncbi.nlm.nih.gov/11855507/
CORE_SHAMANISM,30679411,A Farmer Becoming a Quasi-doctor: The Daegok Diary and Rural Healthcare from the 1960s to the 1980s.,EXCLUDED_WRONG_MODALITY,Historical Korean diary analysis of rural healthcare and Western medicines. Discussion of shamanic-healing myths does not study Core Shamanism as an intervention.,ABSTRACT,https://pubmed.ncbi.nlm.nih.gov/30679411/
CORE_SHAMANISM,12356595,What we can learn from shamanic healing: brief psychotherapy with Latino immigrant clients.,EXCLUDED_WRONG_MODALITY,Psychotherapy commentary drawn from 700 Latino immigrant families and Peruvian shamanic roots. This is not the named Harner/Foundation for Shamanic Studies method and provides no controlled Core Shamanism efficacy result.,ABSTRACT,https://pubmed.ncbi.nlm.nih.gov/12356595/
CORE_SHAMANISM,6536848,The vidente phenomenon in third world traditional healing: an Amazonian example.,IDENTITY_UNCONFIRMED,Amazonian vidente title with no PubMed abstract. Cannot identify Harner/Core Shamanism lineage or extract outcomes from title; original text required.,NO_ABSTRACT,https://pubmed.ncbi.nlm.nih.gov/6536848/
SPIRITUALIST_HEALING,11240080,"Spiritual healing as a therapy for chronic pain: a randomized, clinical trial.",IDENTITY_UNCONFIRMED,"120 chronic-pain patients in randomized face-to-face/sham and distant/no-healing comparisons, 30 minutes weekly eight weeks. No significant healing-control differences. Generic spiritual healing across organizations; Spiritualist-specific lineage unconfirmed.",ABSTRACT,https://pubmed.ncbi.nlm.nih.gov/11240080/
SPIRITUALIST_HEALING,39864754,Assessing the feasibility of a spiritual healing intervention for adults with moderate depression: A pilot randomized controlled trial.,IDENTITY_UNCONFIRMED,"28 adults randomized to individualized spiritual healing plus usual care or usual care, depression feasibility pilot. Scores favored intervention descriptively, but sample small/no sham. Generic healer practice does not establish Spiritualist identity. Registry NCT04766242 names feasibility primary and symptom scores secondary; status stale and endpoint reporting needs reconciliation.",ABSTRACT,https://pubmed.ncbi.nlm.nih.gov/39864754/
SPIRITUALIST_HEALING,36109024,Impact of spiritual healing on moderate depression in adults: a study protocol of a pilot randomised controlled trial (RCT).,CONTEXT_ONLY,"Protocol for 28-person generic spiritual-healing depression pilot, NCT04766242. Planned procedures/ethics are not completed results or Spiritualist efficacy. Linked results PMID39864754 must be treated as same planned study, not replication.",ABSTRACT,https://pubmed.ncbi.nlm.nih.gov/36109024/
SPIRITUALIST_HEALING,16762126,"A pragmatic, three-arm randomised controlled trial of spiritual healing for asthma in primary care.",IDENTITY_UNCONFIRMED,"88 adults with asthma randomized to five spiritual-healing sessions, actor placebo or usual care. Primary AQLQ between-group p=.57; no specific benefit demonstrated. Abstract does not confirm Spiritualist lineage; PMC listing returned no body through attempted API route.",ABSTRACT,https://pubmed.ncbi.nlm.nih.gov/16762126/
SPIRITUALIST_HEALING,14499022,A randomized controlled trial of spiritual healing in restricted neck movement.,IDENTITY_UNCONFIRMED,"68 restricted-neck-movement volunteers randomized to three weekly approximately 30-minute spiritual-healing visits versus usual care. Selected movement/pain contrasts positive, without placebo control. Specific Spiritualist training/lineage not identified in abstract.",ABSTRACT,https://pubmed.ncbi.nlm.nih.gov/14499022/
SPIRITUALIST_HEALING,25614748,"Spiritual healing in the treatment of rheumatoid arthritis: an exploratory single centre, parallel-group, double-blind, three-arm, randomised, sham-controlled trial.",IDENTITY_UNCONFIRMED,"96 women with RA randomized across active/sham/no-healing arms, eight sessions over 21 weeks and eight-week follow-up; 82 completed. DAS28 difference .62, CI .13-1.11, statistically but not clinically significant; Doppler null. Generic energy/spiritual healing does not confirm Spiritualist identity.",ABSTRACT,https://pubmed.ncbi.nlm.nih.gov/25614748/
SPIRITUALIST_HEALING,12776468,A systematic review of the quality of research on hands-on and distance healing: clinical and laboratory studies.,CONTEXT_ONLY,"Quality review of 45 clinical/45 laboratory healing studies through 2001. Includes heterogeneous hands-on/distant modalities and major methodological problems. Use for citation chasing, not primary replication or Spiritualist-specific efficacy.",ABSTRACT,https://pubmed.ncbi.nlm.nih.gov/12776468/
SPIRITUALIST_HEALING,10836918,"The efficacy of ""distant healing"": a systematic review of randomized trials.",CONTEXT_ONLY,"Systematic review of 23 heterogeneous distant-healing trials, 2774 participants, through 1999. Mixed positive/null/negative results and heterogeneity precluded pooling. Review cannot assign all findings to Spiritualist healing.",ABSTRACT,https://pubmed.ncbi.nlm.nih.gov/10836918/
SPIRITUALIST_HEALING,28137530,"Effectiveness of Spiritist ""passe"" (Spiritual healing) for anxiety levels, depression, pain, muscle tension, well-being, and physiological parameters in cardiovascular inpatients: A randomized controlled trial.",EXCLUDED_WRONG_MODALITY,"41 cardiac inpatients in Spiritist passe/sham/no-intervention trial, ten minutes on three days. Named Spiritist passe is distinct from the catalogue's Spiritualist lineage. Retain cross-tradition context without relabeling as Spiritualist or discarding the actual outcomes.",ABSTRACT,https://pubmed.ncbi.nlm.nih.gov/28137530/
SPIRITUALIST_HEALING,7858359,Effect of spiritual healing on chronic idiopathic pain: a medical and psychological study.,IDENTITY_UNCONFIRMED,"24 chronic idiopathic-pain patients randomized to spiritual healing or no active treatment. Most clinical variables unchanged; selected sleep/psychological findings reported. Half of treated participants felt relief, which is not a controlled causal effect. Spiritualist lineage not established in abstract.",ABSTRACT,https://pubmed.ncbi.nlm.nih.gov/7858359/
SPIRITUALIST_HEALING,18277062,Effectiveness of distant healing for patients with chronic fatigue syndrome: a randomised controlled partially blinded trial (EUHEALS).,IDENTITY_UNCONFIRMED,"409 CFS patients, six-month immediate/deferred distant healing, factorial blinded/unblinded design. No significant primary mental-health or secondary physical-health benefit; expectation associated with outcomes. Healers from multiple traditions, not a confirmed isolated Spiritualist intervention.",ABSTRACT,https://pubmed.ncbi.nlm.nih.gov/18277062/
SPIRITUALIST_HEALING,11246935,Chronically ill patients treated by spiritual healing improve in quality of life: results of a randomized waiting-list controlled study.,IDENTITY_UNCONFIRMED,"119 chronically ill patients, five-month distant healing versus waitlist. Self-reported QOL favored treatment and expectation correlated with outcome; unblinded mixed methods. Specific Spiritualist lineage not established.",ABSTRACT,https://pubmed.ncbi.nlm.nih.gov/11246935/
PRANIC_HEALING,12056313,Pranic healing: an energy-based healing practice for the contemporary nurse.,CONTEXT_ONLY,Narrative review introducing Pranic Healing to nursing. Arguments and selected discoveries are not original controlled clinical results.,ABSTRACT,https://pubmed.ncbi.nlm.nih.gov/12056313/
PRANIC_HEALING,12889412,Introducing the Pranic Healing system to holistic nursing practice.,CONTEXT_ONLY,Indexed review on introducing Pranic Healing to nursing; no PubMed abstract available. No efficacy outcomes can be extracted; use for teaching/citation context pending original text.,NO_ABSTRACT,https://pubmed.ncbi.nlm.nih.gov/12889412/
PRANIC_HEALING,15040779,Complementary and alternative medicine: the move into mainstream health care.,CONTEXT_ONLY,Broad CAM policy/practice discussion mentioning Pranic Healing. Population-use statistics are not PH efficacy results.,ABSTRACT,https://pubmed.ncbi.nlm.nih.gov/15040779/
POLARITY_THERAPY,15127775,"Polarity addresses the ""whole"" in holistic.",CONTEXT_ONLY,"Narrative Polarity process review. Describes energetic rationale and possible uses, not a completed controlled efficacy experiment.",ABSTRACT,https://pubmed.ncbi.nlm.nih.gov/15127775/
REIKI,15992229,Positive well-being changes associated with giving and receiving Johrei healing.,ABSTRACT_EXTRACTED_FULL_REVIEW_PENDING,"236 participants rated feelings/well-being before/after giving or receiving Johrei. Receivers had greater negative-emotion reductions; both roles improved positive states. No untreated/sham comparator, so role contrast does not establish energy-specific efficacy.",ABSTRACT,https://pubmed.ncbi.nlm.nih.gov/15992229/
THERAPEUTIC_TOUCH,15992229,Positive well-being changes associated with giving and receiving Johrei healing.,ABSTRACT_EXTRACTED_FULL_REVIEW_PENDING,"236 participants rated feelings/well-being before/after giving or receiving Johrei. Receivers had greater negative-emotion reductions; both roles improved positive states. No untreated/sham comparator, so role contrast does not establish energy-specific efficacy.",ABSTRACT,https://pubmed.ncbi.nlm.nih.gov/15992229/
JOHREI,15992229,Positive well-being changes associated with giving and receiving Johrei healing.,ABSTRACT_EXTRACTED_FULL_REVIEW_PENDING,"236 participants rated feelings/well-being before/after giving or receiving Johrei. Receivers had greater negative-emotion reductions; both roles improved positive states. No untreated/sham comparator, so role contrast does not establish energy-specific efficacy.",ABSTRACT,https://pubmed.ncbi.nlm.nih.gov/15992229/
PRANIC_HEALING,19175256,Pranic healing.,CONTEXT_ONLY,Pranic Healing narrative review asserting molecular/energy effects. No original controlled sample or quantitative endpoint provided in abstract; assertion not validation.,ABSTRACT,https://pubmed.ncbi.nlm.nih.gov/19175256/
JOHREI,20832764,"Johrei, a Japanese healing technique, enhances the growth of sucrose crystals.",ABSTRACT_EXTRACTED_FULL_REVIEW_PENDING,"Sucrose-crystallization experiments compare Johrei-treated and untreated solutions, reporting faster growth. Nonbiological outcome does not establish patient efficacy or mechanism; sample, environmental controls and precision need full text.",ABSTRACT,https://pubmed.ncbi.nlm.nih.gov/20832764/
AGNIHOTRA,21897457,Agnihotra in the treatment of alcoholism.,ABSTRACT_EXTRACTED_FULL_REVIEW_PENDING,"18 alcoholism cases with repeated Agnihotra; abstinence reported after two weeks and 55% beyond eight weeks. Uncontrolled series, selection/other-treatment confounding and ascertainment limit causal efficacy; not a demonstrated cure.",ABSTRACT,https://pubmed.ncbi.nlm.nih.gov/21897457/
AGNIHOTRA,21927247,Agnihotra - a useful adjunct in recovery of a resistant demotivated smack addict.,ABSTRACT_EXTRACTED_FULL_REVIEW_PENDING,"One poorly motivated opioid-addiction case after withdrawal, four weeks of Agnihotra and reported one-year follow-up. Uncontrolled recovery cannot establish treatment efficacy or relapse prevention.",ABSTRACT,https://pubmed.ncbi.nlm.nih.gov/21927247/
BIOGEOMETRY,22714237,Normal and diseased personal eye modeling using age-appropriate lens parameters.,EXCLUDED_NAME_COLLISION,Ocular optical modeling using lens bio-geometry. Not BioGeometry energy-healing method.,ABSTRACT,https://pubmed.ncbi.nlm.nih.gov/22714237/
JOHREI,22924412,Comment on Some implications of the reported effects of Johrei on the viability and proliferation of cultured cancer cells in vitro.,CONTEXT_ONLY,"Comment on Johrei cultured-cancer-cell findings, with no abstract. Commentary is not an independent experiment; obtain text for methodological criticism/citation context.",NO_ABSTRACT,https://pubmed.ncbi.nlm.nih.gov/22924412/
REIKI,24280471,"Effect of Spiritist ""passe"" (Spiritual healing) on growth of bacterial cultures.",EXCLUDED_WRONG_MODALITY,Bacterial-culture study of Spiritist passe/laying on hands; Johrei appears only among background examples. No Johrei intervention tested.,ABSTRACT,https://pubmed.ncbi.nlm.nih.gov/24280471/
THERAPEUTIC_TOUCH,24280471,"Effect of Spiritist ""passe"" (Spiritual healing) on growth of bacterial cultures.",EXCLUDED_WRONG_MODALITY,Bacterial-culture study of Spiritist passe/laying on hands; Johrei appears only among background examples. No Johrei intervention tested.,ABSTRACT,https://pubmed.ncbi.nlm.nih.gov/24280471/
JOHREI,24280471,"Effect of Spiritist ""passe"" (Spiritual healing) on growth of bacterial cultures.",EXCLUDED_WRONG_MODALITY,Bacterial-culture study of Spiritist passe/laying on hands; Johrei appears only among background examples. No Johrei intervention tested.,ABSTRACT,https://pubmed.ncbi.nlm.nih.gov/24280471/
SPIRITUALIST_HEALING,24310951,"Transmigration, liminality, and spiritualist healing.",CONTEXT_ONLY,Ethnographic Spiritualist church observations in New York; describes rituals and symbolic states. Named tradition present but no controlled clinical endpoint or measured therapeutic efficacy.,ABSTRACT,https://pubmed.ncbi.nlm.nih.gov/24310951/
BENGSTON_METHOD,24944959,Development of dental charts according to tooth development and eruption for Turkish children and young adults.,EXCLUDED_NAME_COLLISION,Dental eruption charts using an unrelated Bengston system. No Bengston Healing Method intervention.,ABSTRACT,https://pubmed.ncbi.nlm.nih.gov/24944959/
BENGSTON_METHOD,26344558,Dental age estimation standards for a Western Australian population.,EXCLUDED_NAME_COLLISION,Dental age-estimation standards use Bengston eruption classification. No healing-with-intent intervention.,ABSTRACT,https://pubmed.ncbi.nlm.nih.gov/26344558/
JOHREI,26520228,Johrei Effects on Water: A Pilot Study by Counting Drops.,ABSTRACT_EXTRACTED_FULL_REVIEW_PENDING,"Four Johrei practitioners, modeled water-drop behavior versus untreated samples. Selected parameters changed for two practitioners; no patient efficacy tested. Model fit is not replication or proof of a healing mechanism.",ABSTRACT,https://pubmed.ncbi.nlm.nih.gov/26520228/
PRANIC_HEALING,26665042,Challenges for Preclinical Investigations of Human Biofield Modalities.,CONTEXT_ONLY,"Preclinical-methodology review mentioning several biofield modalities. Useful for experimental-design/citation context, not independent empirical replication; reproducibility and mechanism acknowledged as unresolved.",ABSTRACT,https://pubmed.ncbi.nlm.nih.gov/26665042/
REIKI,26665042,Challenges for Preclinical Investigations of Human Biofield Modalities.,CONTEXT_ONLY,"Preclinical-methodology review mentioning several biofield modalities. Useful for experimental-design/citation context, not independent empirical replication; reproducibility and mechanism acknowledged as unresolved.",ABSTRACT,https://pubmed.ncbi.nlm.nih.gov/26665042/
THERAPEUTIC_TOUCH,26665042,Challenges for Preclinical Investigations of Human Biofield Modalities.,CONTEXT_ONLY,"Preclinical-methodology review mentioning several biofield modalities. Useful for experimental-design/citation context, not independent empirical replication; reproducibility and mechanism acknowledged as unresolved.",ABSTRACT,https://pubmed.ncbi.nlm.nih.gov/26665042/
HEALING_TOUCH,26665042,Challenges for Preclinical Investigations of Human Biofield Modalities.,CONTEXT_ONLY,"Preclinical-methodology review mentioning several biofield modalities. Useful for experimental-design/citation context, not independent empirical replication; reproducibility and mechanism acknowledged as unresolved.",ABSTRACT,https://pubmed.ncbi.nlm.nih.gov/26665042/
POLARITY_THERAPY,26665042,Challenges for Preclinical Investigations of Human Biofield Modalities.,CONTEXT_ONLY,"Preclinical-methodology review mentioning several biofield modalities. Useful for experimental-design/citation context, not independent empirical replication; reproducibility and mechanism acknowledged as unresolved.",ABSTRACT,https://pubmed.ncbi.nlm.nih.gov/26665042/
JOHREI,26665042,Challenges for Preclinical Investigations of Human Biofield Modalities.,CONTEXT_ONLY,"Preclinical-methodology review mentioning several biofield modalities. Useful for experimental-design/citation context, not independent empirical replication; reproducibility and mechanism acknowledged as unresolved.",ABSTRACT,https://pubmed.ncbi.nlm.nih.gov/26665042/
EXTERNAL_QIGONG,26665042,Challenges for Preclinical Investigations of Human Biofield Modalities.,CONTEXT_ONLY,"Preclinical-methodology review mentioning several biofield modalities. Useful for experimental-design/citation context, not independent empirical replication; reproducibility and mechanism acknowledged as unresolved.",ABSTRACT,https://pubmed.ncbi.nlm.nih.gov/26665042/
CHAKRA_AURA,28483188,Agnihotra Yajna: A Prototype of South Asian Traditional Medical Knowledge.,ABSTRACT_EXTRACTED_FULL_REVIEW_PENDING,"Agnihotra smoke volatile compounds assessed by GC-MS after modified offerings. Chemical characterization, not controlled clinical treatment or measured chakra/entropy validation; smoke composition alone does not establish safe therapeutic exposure.",ABSTRACT,https://pubmed.ncbi.nlm.nih.gov/28483188/
AGNIHOTRA,28483188,Agnihotra Yajna: A Prototype of South Asian Traditional Medical Knowledge.,ABSTRACT_EXTRACTED_FULL_REVIEW_PENDING,"Agnihotra smoke volatile compounds assessed by GC-MS after modified offerings. Chemical characterization, not controlled clinical treatment or measured chakra/entropy validation; smoke composition alone does not establish safe therapeutic exposure.",ABSTRACT,https://pubmed.ncbi.nlm.nih.gov/28483188/
BENGSTON_METHOD,28650246,Economic Outcomes of First-Line Regimen Switching Among Stable Patients with HIV.,EXCLUDED_NAME_COLLISION,HIV antiretroviral-regimen claims study; Bengston is an author surname. No Bengston Healing Method intervention.,ABSTRACT,https://pubmed.ncbi.nlm.nih.gov/28650246/
BIOGEOMETRY,28713718,Ergonomics and Biogeometry of Perforator/Propeller Flaps in the Lower Limb Reconstruction.,EXCLUDED_NAME_COLLISION,"Perforator/propeller flap surgical biogeometry; no named BioGeometry healing intervention. Title establishes surgical topic, abstract unavailable.",NO_ABSTRACT,https://pubmed.ncbi.nlm.nih.gov/28713718/
BENGSTON_METHOD,29083972,Inhaled Corticosteroid-Containing Treatment Escalation and Outcomes for Patients with Asthma in a U.S. Health Care Organization.,EXCLUDED_NAME_COLLISION,"Inhaled-corticosteroid escalation claims study; Bengston is an author surname, not a healing method.",ABSTRACT,https://pubmed.ncbi.nlm.nih.gov/29083972/
PRANIC_HEALING,31341443,The Effects of Meditation on Twin Hearts on P300 Values: A Repeated Measures Comparison of Nonmeditators and the Experienced.,ABSTRACT_EXTRACTED_FULL_REVIEW_PENDING,"12 experienced Twin Hearts meditators versus 12 nonmeditators, repeated pre/post auditory P300 measures. Selected EEG changes reported; cross-sectional experience and no matched sham limit causation. Surrogate processing measures do not validate PH recipient treatment.",ABSTRACT,https://pubmed.ncbi.nlm.nih.gov/31341443/
PRANIC_HEALING,31668156,Meditation-induced psychosis: a narrative review and individual patient data analysis.,CONTEXT_ONLY,Narrative review of 28 reported psychosis cases across varied meditations including PH. Case associations and precipitating factors do not prove causation or estimate incidence; retain adverse-event context without assigning all cases to PH.,ABSTRACT,https://pubmed.ncbi.nlm.nih.gov/31668156/
BENGSTON_METHOD,35784417,Age estimation of individuals aged 5-23 years based on dental development of the Indonesian population.,EXCLUDED_NAME_COLLISION,Dental development atlas using a modified Bengston eruption system; no Bengston healing intervention.,ABSTRACT,https://pubmed.ncbi.nlm.nih.gov/35784417/
BIOGEOMETRY,36514421,Patient Reported Outcomes of Scalp and Forehead Reconstruction for Defects Following Oncological Resections (North-East Indian Tertiary Cancer Centre Study).,EXCLUDED_NAME_COLLISION,Scalp/forehead oncological surgical reconstruction outcomes using tissue bio-geometry. Not BioGeometry energy treatment.,ABSTRACT,https://pubmed.ncbi.nlm.nih.gov/36514421/
PRANIC_HEALING,37119543,Understanding Pranic Energy Experiences: A Qualitative Approach.,ABSTRACT_EXTRACTED_FULL_REVIEW_PENDING,"100 participants' hand-sensitization reports from 2014, retrospective qualitative analysis explicitly using Master Choa Kok Sui practice. Sensation themes do not objectively demonstrate prana detection or controlled treatment benefit.",ABSTRACT,https://pubmed.ncbi.nlm.nih.gov/37119543/
BENGSTON_METHOD,37325440,Differential In Vivo Effects on Cancer Models by Recorded Magnetic Signals Derived From a Healing Technique.,ABSTRACT_EXTRACTED_FULL_REVIEW_PENDING,"Recorded Bengston signals four hours daily approximately one month in three mouse cancer models. Breast-tumor effect reported, melanoma largely null, bladder tumors failed to develop. Sample/room confounding/full bias review pending; no human anticancer efficacy established.",ABSTRACT,https://pubmed.ncbi.nlm.nih.gov/37325440/
PRANIC_HEALING,37711602,"Perception of Subtle Energy ""Prana"", and Its Effects During Biofield Practices: A Qualitative Meta-Synthesis.",CONTEXT_ONLY,Qualitative meta-synthesis of 19 heterogeneous prana/biofield perception studies. Describes felt experiences; no objective energy validation or independent clinical replication.,ABSTRACT,https://pubmed.ncbi.nlm.nih.gov/37711602/
REIKI,37711602,"Perception of Subtle Energy ""Prana"", and Its Effects During Biofield Practices: A Qualitative Meta-Synthesis.",CONTEXT_ONLY,Qualitative meta-synthesis of 19 heterogeneous prana/biofield perception studies. Describes felt experiences; no objective energy validation or independent clinical replication.,ABSTRACT,https://pubmed.ncbi.nlm.nih.gov/37711602/
SPIRITUALIST_HEALING,3781717,The social consequence of wellness: a view of healing outcomes from micro and macro perspectives.,CONTEXT_ONLY,Mexican Spiritualist ethnography analyzes individual/social outcomes. No controlled efficacy comparison; distinguish cultural system from other Spiritualist lineages.,ABSTRACT,https://pubmed.ncbi.nlm.nih.gov/3781717/
BIOGEOMETRY,39678747,Utility of Keystone Flap in Armory of Dermatosurgeons.,EXCLUDED_NAME_COLLISION,Keystone surgical flap reconstruction with anatomical bio-geometry; no named BioGeometry energy treatment.,ABSTRACT,https://pubmed.ncbi.nlm.nih.gov/39678747/
BENGSTON_METHOD,4879041,Ralph G. Bengston.,EXCLUDED_NAME_COLLISION,"Historical biography of Ralph G. Bengston, no abstract or Bengston Healing Method experiment.",NO_ABSTRACT,https://pubmed.ncbi.nlm.nih.gov/4879041/
SPIRITUALIST_HEALING,7408525,Non-medical treatments and their outcomes.,ABSTRACT_EXTRACTED_FULL_REVIEW_PENDING,Follow-up observations at a Mexican Spiritualist temple report more failures than successes and describe symbolic/tactile practices. No comparator or effect counts in abstract; cultural specificity limits transfer to other Spiritualist lineages.,ABSTRACT,https://pubmed.ncbi.nlm.nih.gov/7408525/
THERAPEUTIC_TOUCH,41709616,The Effects of Therapeutic Touch on Test Anxiety among Nursing Students: A Randomized Controlled Trial.,FULL_TEXT_EXTRACTED_BIAS_PENDING,"46 students, 23/23, randomizer-generated allocation; no sham or participant masking. Baseline anxiety 58.91 versus 40.26; post 25.60 versus 47.43. ANCOVA eta squared .771, but baseline imbalance/expectations and unblinded self-report create substantial bias concern. Procedure: seated, head-to-foot rhythmic scanning approximately 5 cm away, reassess/rebalance, twenty minutes, then rest; no grades measured. Authors report no conflicts or financial support.",FULL_TEXT,https://pmc.ncbi.nlm.nih.gov/articles/PMC12927342/
THERAPEUTIC_TOUCH,27482166,EFFECT OF THERAPEUTIC TOUCH ON PAIN RELATED PARAMETERS IN PATIENTS WITH CANCER: A RANDOMIZED CLINICAL TRIAL.,FULL_TEXT_EXTRACTED_BIAS_PENDING,"90 male cancer patients, 30/30/30 TT/placebo/usual care, convenience recruitment. Allocation method/concealment and assessor masking not described. Seven ten-to-fifteen-minute sessions every three days: deep breathing, scan 5-10 cm away, head-to-foot cleansing and individualized transfer; sham unordered gestures. Selected pain-interference comparisons favored TT. Many endpoints, no extracted confidence intervals and absent rigorous adverse-event ascertainment preclude broad safety claims; IRCT201412094115N3 not independently matched. Authors declare no conflict.",FULL_TEXT,https://pmc.ncbi.nlm.nih.gov/articles/PMC4949034/
JOHREI,17549235,Radiation response of cultured human cells is unaffected by Johrei.,FULL_TEXT_EXTRACTED_BIAS_PENDING,"Four control/four Johrei experiments, 800/856 observed glial cells, four X-ray doses. Randomized wells and scientists blinded. Thirty-minute raised-hand intention at least 20 cm away after four-hour baseline; observation 22.5 hours. Division p=.560 and death p=.456 null; dose significant. Experiment, not individual cell, is replication unit. Funding Center for Science of Life/NCCAM; no patient radiation-protection efficacy established.",FULL_TEXT,https://pmc.ncbi.nlm.nih.gov/articles/PMC1876615/
EXTERNAL_QIGONG,15102336,In vitro test of external Qigong.,FULL_TEXT_EXTRACTED_BIAS_PENDING,"Three astrocyte colony-formation studies: four pilot, fourteen formal and thirty replication Qigong/sham comparisons, each with equal numbers of systematic negative-control comparisons. Cell plates/locations randomized, coded counting/analysis blinded. Formal sham always first; replication order randomized with temperature logging. Twenty-minute treatment at least 10 cm away; no reproducible effect, pooled result nonsignificant. Environmental variability and absent present-but-not-treating practitioner control limit mechanism inference. NCCAM/Noetic Sciences/Fetzer support reported.",FULL_TEXT,https://pmc.ncbi.nlm.nih.gov/articles/PMC387832/
MANTRA_PRACTICES,36121655,Efficacy of Transcendental Meditation to Reduce Stress Among Health Care Workers: A Randomized Clinical Trial.,FULL_TEXT_EXTRACTED_BIAS_PENDING,"80 randomized, 78 at three months, open-label TM versus wellness resources. Computer stratification by age/sex through protected REDCap module. Five instructional days then twenty minutes twice daily and three follow-ups. Primary GSI difference -1.8, CI -4.2 to .6, p=.13 nonsignificant; selected secondary burnout/anxiety positive, no multiplicity adjustment. One-month surveys missing for 12/20 participants due to app error. No reported adverse events; expectancy and secondary-outcome testing constrain interpretation.",FULL_TEXT,https://pmc.ncbi.nlm.nih.gov/articles/PMC9517053/
